[
  {
    "title": "ลูกหนี้ก่อนอนุมัติดำเนินคดี และสถานะเอกสาร (CIF)",
    "dataSets": [
      {
        "dataSetTitle": "ลูกหนี้ DPD 10-30 ทั้งหมด",
        "total": 150,
        "elements": [
          {
            "name": "เอกสารบอกกล่าวไม่ครบถ้วน",
            "code": "100",
            "total": 80
          },
          {
            "name": "เอกสารยื่นฟ้องไม่ครบถ้วน",
            "code": "101",
            "total": 50
          },
          {
            "name": "เอกสารทั้งหมดครบ",
            "code": "102",
            "total": 20
          }
        ]
      },
      {
        "dataSetTitle": "ลูกหนี้ DPD>30 ทั้งหมด",
        "total": 150,
        "elements": [
          {
            "name": "เอกสารบอกกล่าวไม่ครบถ้วน",
            "code": "110",
            "total": 80
          },
          {
            "name": "เอกสารยื่นฟ้องไม่ครบถ้วน",
            "code": "111",
            "total": 50
          },
          {
            "name": "เอกสารทั้งหมดครบ",
            "code": "112",
            "total": 20
          }
        ]
      }
    ]
  },
  {
    "title": "ลูกหนี้แบ่งตามสถานะดำเนินคดี (เลขที่กฏหมาย)",
    "dataSets": [
      {
        "dataSetTitle": "เลขที่กฏหมายทั้งหมด",
        "total": 190,
        "elements": [
          {
            "name": "อนุมัติดำเนินคดี",
            "code": "200",
            "total": 60
          },
          {
            "name": "ยื่นบอกกล่าว",
            "code": "201",
            "total": 50
          },
          {
            "name": "ดำเนินคดี",
            "code": "202",
            "total": 30
          },
          {
            "name": "ชะลอดำเนินคดี",
            "code": "203",
            "total": 40
          },
          {
            "name": "มีคำพิพากษา",
            "code": "204",
            "total": 10
          }
        ]
      }
    ]
  },
  {
    "title": "การบอกกล่าวแบ่งตามประเภทผู้รับ",
    "dataSets": [
      {
        "dataSetTitle": "บอกกล่าวผู้กู้ทั้งหมด",
        "total": 150,
        "elements": [
          {
            "name": "ครบกำหนดบอกกล่าวแล้ว",
            "code": "300",
            "total": 80
          },
          {
            "name": "ประกาศหนังสือพิมพ์แล้ว",
            "code": "301",
            "total": 80
          },
          {
            "name": "ได้รับหนังสือบอกกล่าวครบถ้วน",
            "code": "302",
            "total": 80
          },
          {
            "name": "บอกกล่าวแล้ว",
            "code": "303",
            "total": 80
          },
          {
            "name": "ไม่พร้อมยื่นบอกกล่าว",
            "code": "304",
            "total": 70
          }
        ]
      },
      {
        "dataSetTitle": "บอกกล่าวผู้ค้ำประกันทั้งหมด",
        "total": 150,
        "elements": [
          {
            "name": "ครบกำหนดบอกกล่าวแล้ว",
            "code": "310",
            "total": 80
          },
          {
            "name": "ประกาศหนังสือพิมพ์แล้ว",
            "code": "311",
            "total": 80
          },
          {
            "name": "ได้รับหนังสือบอกกล่าวครบถ้วน",
            "code": "312",
            "total": 80
          },
          {
            "name": "บอกกล่าวแล้ว",
            "code": "313",
            "total": 80
          },
          {
            "name": "ไม่พร้อมยื่นบอกกล่าว",
            "code": "314",
            "total": 70
          }
        ]
      }
    ]
  },
  {
    "title": "คดีความแบ่งตามกระบวนการศาล",
    "dataSets": [
      {
        "dataSetTitle": "ลูกหนี้ DPD>30 ทั้งหมด",
        "total": 150,
        "elements": [
          {
            "name": "เอกสารบอกกล่าวไม่ครบถ้วน",
            "total": 80
          },
          {
            "name": "เอกสารยื่นฟ้องไม่ครบถ้วน",
            "total": 50
          },
          {
            "name": "เอกสารทั้งหมดครบ",
            "total": 20
          }
        ]
      }
    ]
  },
  {
    "title": "การชะลอดำเนินคดีแบ่งตามขั้นตอนดำเนินงาน",
    "dataSets": [
      {
        "dataSetTitle": "ลูกหนี้ DPD>30 ทั้งหมด",
        "total": 150,
        "elements": [
          {
            "name": "เอกสารบอกกล่าวไม่ครบถ้วน",
            "total": 80
          },
          {
            "name": "เอกสารยื่นฟ้องไม่ครบถ้วน",
            "total": 50
          },
          {
            "name": "เอกสารทั้งหมดครบ",
            "total": 20
          }
        ]
      }
    ]
  },
  {
    "title": "รายการเบิกเงินของ KTBLAW",
    "dataSets": [
      {
        "dataSetTitle": "ลูกหนี้ DPD>30 ทั้งหมด",
        "total": 150,
        "elements": [
          {
            "name": "เอกสารบอกกล่าวไม่ครบถ้วน",
            "total": 80
          },
          {
            "name": "เอกสารยื่นฟ้องไม่ครบถ้วน",
            "total": 50
          },
          {
            "name": "เอกสารทั้งหมดครบ",
            "total": 20
          }
        ]
      }
    ]
  },
  {
    "title": "เงินค่าธรรมเนียมศาลสั่งคืนค้างรับจากศาล",
    "dataSets": [
      {
        "dataSetTitle": "ลูกหนี้ DPD>30 ทั้งหมด",
        "total": 150,
        "elements": [
          {
            "name": "เอกสารบอกกล่าวไม่ครบถ้วน",
            "total": 80
          },
          {
            "name": "เอกสารยื่นฟ้องไม่ครบถ้วน",
            "total": 50
          },
          {
            "name": "เอกสารทั้งหมดครบ",
            "total": 20
          }
        ]
      }
    ]
  }
]
