{
  "allegations": [
    {
      "name": "กรรมสิทธิ์รวม",
      "value": "0001"
    },
    {
      "name": "เก็บของในคลังสินค้า",
      "value": "0002"
    },
    {
      "name": "ขอถอนผู้จัดการมรดก",
      "value": "0003"
    },
    {
      "name": "ขอแบ่งทรัพย์",
      "value": "0004"
    },
    {
      "name": "ขอให้เป็นคนสาบสูญ",
      "value": "0005"
    },
    {
      "name": "ขอให้รื้อถอนอาคาร",
      "value": "0006"
    },
    {
      "name": "ขอให้ลงชื่อเป็นเจ้าของรวมในโฉนด",
      "value": "0007"
    },
    {
      "name": "ขอให้ส่งมอบโฉนดที่ดิน",
      "value": "0008"
    },
    {
      "name": "ขอให้สั่งห้ามการใช้นาม",
      "value": "0009"
    },
    {
      "name": "ขับไล่",
      "value": "0010"
    },
    {
      "name": "ค้ำประกัน",
      "value": "0011"
    },
    {
      "name": "เงินบำเหน็จ",
      "value": "0012"
    },
    {
      "name": "จัดการงานนอกสั่ง",
      "value": "0013"
    },
    {
      "name": "จัดการมรดก",
      "value": "0014"
    },
    {
      "name": "จ้างทำของ",
      "value": "0015"
    },
    {
      "name": "จ้างแรงงาน",
      "value": "0016"
    },
    {
      "name": "จำนอง",
      "value": "0017"
    },
    {
      "name": "จำนำ",
      "value": "0018"
    },
    {
      "name": "เช่าซื้อ",
      "value": "0019"
    },
    {
      "name": "เช่าทรัพย์",
      "value": "0020"
    },
    {
      "name": "ซื้อขาย",
      "value": "0021"
    },
    {
      "name": "ตลาดหลักทรัพย์",
      "value": "0022"
    },
    {
      "name": "ตั๋วเงิน",
      "value": "0023"
    },
    {
      "name": "ตัวแทน",
      "value": "0024"
    },
    {
      "name": "ทางจำเป็น",
      "value": "0025"
    },
    {
      "name": "ทางสาธารณะ",
      "value": "0026"
    },
    {
      "name": "ที่ดิน",
      "value": "0027"
    },
    {
      "name": "นายหน้า",
      "value": "0028"
    },
    {
      "name": "นิติกรรมอำพราง",
      "value": "0029"
    },
    {
      "name": "บริษัท",
      "value": "0030"
    },
    {
      "name": "บัญชีเดินสะพัด",
      "value": "0031"
    },
    {
      "name": "บัตรเครดิต",
      "value": "0032"
    },
    {
      "name": "บำเหน็จตกทอด",
      "value": "0033"
    },
    {
      "name": "ประกันภัย",
      "value": "0034"
    },
    {
      "name": "ประกันภัยค้ำจุน",
      "value": "0035"
    },
    {
      "name": "ประนีประนอมยอมความ",
      "value": "0036"
    },
    {
      "name": "ผิดสัญญาประกันภัย",
      "value": "0037"
    },
    {
      "name": "ผิดสัญญาเล่นแชร์",
      "value": "0038"
    },
    {
      "name": "ฝากทรัพย์",
      "value": "0039"
    },
    {
      "name": "พระราชบัญญัติการเช่าที่ดินเพื่อเกษตรกรรม",
      "value": "0040"
    },
    {
      "name": "พระราชบัญญัติควบคุมอาคาร",
      "value": "0041"
    },
    {
      "name": "พินัยกรรม",
      "value": "0042"
    },
    {
      "name": "เพิกถอนการฉัอฉล",
      "value": "0043"
    },
    {
      "name": "เพิกถอนนิติกรรม",
      "value": "0044"
    },
    {
      "name": "ภาระจำยอม",
      "value": "0045"
    },
    {
      "name": "ยืม",
      "value": "0046"
    },
    {
      "name": "รับขน",
      "value": "0047"
    },
    {
      "name": "รับช่วงสิทธิ",
      "value": "0048"
    },
    {
      "name": "รับสภาพหนี้",
      "value": "0049"
    },
    {
      "name": "เรียกค่าทดแทนที่ดิน",
      "value": "0050"
    },
    {
      "name": "เรียกค่าทดแทนที่ดินและสิ่งปลูกสร้าง",
      "value": "0051"
    },
    {
      "name": "เรียกทรัพย์คืน",
      "value": "0052"
    },
    {
      "name": "ละเมิด",
      "value": "0053"
    },
    {
      "name": "ลาภมิควรได้",
      "value": "0054"
    },
    {
      "name": "แลกเปลี่ยน",
      "value": "0055"
    },
    {
      "name": "สมาคม",
      "value": "0056"
    },
    {
      "name": "สัญชาติ",
      "value": "0057"
    },
    {
      "name": "สัญญา",
      "value": "0058"
    },
    {
      "name": "สัญญาต่างตอบแทน",
      "value": "0059"
    },
    {
      "name": "สิทธิเก็บกิน",
      "value": "0060"
    },
    {
      "name": "สิทธิยึดหน่วง",
      "value": "0061"
    },
    {
      "name": "สิทธิเรียกร้อง",
      "value": "0062"
    },
    {
      "name": "สิทธิอาศัย",
      "value": "0063"
    },
    {
      "name": "หนี้",
      "value": "0064"
    },
    {
      "name": "หักกลบลบหนี้",
      "value": "0065"
    },
    {
      "name": "หุ้นส่วน",
      "value": "0066"
    },
    {
      "name": "ให้",
      "value": "0067"
    }
  ]
}
