[
    { "text": "เตรียมข้อมูล", "value": "001" },
    { "text": "เตรียมการบอกกล่าว", "value": "002" },
    { "text": "บอกกล่าว", "value": "003" },
    { "text": "ยื่นฟ้องศาลชั้นต้น", "value": "004" },
    { "text": "สืบพยานศาลชั้นต้น", "value": "005" },
    { "text": "ศาลชั้นต้นพิพากษา", "value": "006" },
    { "text": "สืบพยานศาลอุทธรณ์", "value": "008" },
    { "text": "ศาลอุทธรณ์พิพากษา", "value": "009" },
    { "text": "ยื่นฎีกา", "value": "010" },
    { "text": "สืบพยานศาลฎีกา", "value": "011" },
    { "text": "ศาลฎีกาพิพากษา", "value": "012" }
]
