{
  "collateralType": [
      {
          "collateralTypeCode": "1",
          "collateralTypeDesc": "ที่ดิน"
      },
      {
          "collateralTypeCode": "2",
          "collateralTypeDesc": "ที่ดินพร้อมสิ่งปลูกสร้าง"
      },
      {
          "collateralTypeCode": "3",
          "collateralTypeDesc": "อาคารสิ่งปลูกสร้าง"
      },
      {
          "collateralTypeCode": "4",
          "collateralTypeDesc": "คอนโดมิเนียม/อาคารชุด/ห้องชุด"
      },
      {
          "collateralTypeCode": "5",
          "collateralTypeDesc": "เครื่องจักร"
      },
      {
          "collateralTypeCode": "6",
          "collateralTypeDesc": "สิทธิการเช่า"
      },
      {
          "collateralTypeCode": "7",
          "collateralTypeDesc": "สินค้า"
      },
      {
          "collateralTypeCode": "8",
          "collateralTypeDesc": "เงินฝาก"
      },
      {
          "collateralTypeCode": "9",
          "collateralTypeDesc": "ตราสารทุน"
      },
      {
          "collateralTypeCode": "10",
          "collateralTypeDesc": "ตราสารหนี้"
      },
      {
          "collateralTypeCode": "11",
          "collateralTypeDesc": "หน่วยลงทุน"
      },
      {
          "collateralTypeCode": "12",
          "collateralTypeDesc": "อาวัล/รับรอง หรือหนังสือค้ำประกัน"
      },
      {
          "collateralTypeCode": "13",
          "collateralTypeDesc": "ตั๋วแลกเงิน/ ตั๋วสัญญาใช้เงิน"
      },
      {
          "collateralTypeCode": "14",
          "collateralTypeDesc": "ตราสารอนุพันธ์"
      },
      {
          "collateralTypeCode": "15",
          "collateralTypeDesc": "บุคคล/นิติบุคคล ค้ำประกัน"
      },
      {
          "collateralTypeCode": "16",
          "collateralTypeDesc": "โอนสิทธิเรียกร้องการรับเงิน"
      },
      {
          "collateralTypeCode": "17",
          "collateralTypeDesc": "ทองคำ"
      },
      {
          "collateralTypeCode": "19",
          "collateralTypeDesc": "ยานพาหนะ"
      },
      {
          "collateralTypeCode": "20",
          "collateralTypeDesc": "ทรัพย์สินทางปัญญา"
      },
      {
          "collateralTypeCode": "21",
          "collateralTypeDesc": "ลูกหนี้การค้า"
      },
      {
          "collateralTypeCode": "99",
          "collateralTypeDesc": "อื่นๆ"
      },
      {
          "collateralTypeCode": "97",
          "collateralTypeDesc": "เงินเดือน",
          "externalPropertyFlag": "Y"
      },
      {
          "collateralTypeCode": "98",
          "collateralTypeDesc": "เงินปันผลหุ้นสหกรณ์",
          "externalPropertyFlag": "Y"
      }
  ]
}
