{
  "content": [
    {
      "responseUnitCode": "108112",
      "responseUnitName": "สำนักงานธุรกิจรามอินทรา",
      "userId": "00011",
      "name": "ชื่อ",
      "surName": "นามสกุล",
      "teamName": "ทีม กอไก่",
      "ktbBossUserId": "0000",
      "ktbBossName": "ชื่อ นามสกุล",
      "createdDate": "2022-07-31",
      "effectiveDate": "2022-07-31"
    },
    {
      "responseUnitCode": "108113",
      "responseUnitName": "สำนักงานธุรกิจรามอินทรา",
      "userId": "00012",
      "name": "ชื่อ",
      "surName": "นามสกุล",
      "teamName": "ทีม กอไก่",
      "ktbBossUserId": "0000",
      "ktbBossName": "ชื่อ นามสกุล",
      "createdDate": "2022-07-31",
      "effectiveDate": "2022-07-31"
    },
    {
      "responseUnitCode": "108114",
      "responseUnitName": "สำนักงานธุรกิจรามอินทรา",
      "userId": "00013",
      "name": "ชื่อ",
      "surName": "นามสกุล",
      "teamName": "ทีม กอไก่",
      "ktbBossUserId": "0000",
      "ktbBossName": "ชื่อ นามสกุล",
      "createdDate": "2022-07-31",
      "effectiveDate": "2022-07-31"
    },
    {
      "responseUnitCode": "108115",
      "responseUnitName": "สำนักงานธุรกิจรามอินทรา",
      "userId": "00014",
      "name": "ชื่อ",
      "surName": "นามสกุล",
      "teamName": "ทีม กอไก่",
      "ktbBossUserId": "0000",
      "ktbBossName": "ชื่อ นามสกุล",
      "createdDate": "2022-07-31",
      "effectiveDate": "2022-07-31"
    },
    {
      "responseUnitCode": "108115",
      "responseUnitName": "สำนักงานธุรกิจรามอินทรา",
      "userId": "00015",
      "name": "ชื่อ",
      "surName": "นามสกุล",
      "teamName": "ทีม กอไก่",
      "ktbBossUserId": "0000",
      "ktbBossName": "ชื่อ นามสกุล",
      "createdDate": "2022-07-31",
      "effectiveDate": "2022-07-31"
    },
    {
      "responseUnitCode": "108117",
      "responseUnitName": "สำนักงานธุรกิจรามอินทรา",
      "userId": "00016",
      "name": "ชื่อ",
      "surName": "นามสกุล",
      "teamName": "ทีม กอไก่",
      "ktbBossUserId": "0000",
      "ktbBossName": "ชื่อ นามสกุล",
      "createdDate": "2022-07-31",
      "effectiveDate": "2022-07-31"
    },
    {
      "responseUnitCode": "108117",
      "responseUnitName": "สำนักงานธุรกิจรามอินทรา",
      "userId": "00017",
      "name": "ชื่อ",
      "surName": "นามสกุล",
      "teamName": "ทีม กอไก่",
      "ktbBossUserId": "0000",
      "ktbBossName": "ชื่อ นามสกุล",
      "createdDate": "2022-07-31",
      "effectiveDate": "2022-07-31"
    },
    {
      "responseUnitCode": "108119",
      "responseUnitName": "สำนักงานธุรกิจรามอินทรา",
      "userId": "00018",
      "name": "ชื่อ",
      "surName": "นามสกุล",
      "teamName": "ทีม กอไก่",
      "ktbBossUserId": "0000",
      "ktbBossName": "ชื่อ นามสกุล",
      "createdDate": "2022-07-31",
      "effectiveDate": "2022-07-31"
    }
  ],
  "pageable": {
    "sort": {
      "empty": false,
      "sorted": true,
      "unsorted": false
    },
    "offset": 0,
    "pageNumber": 1,
    "pageSize": 10,
    "paged": true,
    "unpaged": false
  },
  "totalPages": 13,
  "totalElements": 130,
  "last": false,
  "size": 10,
  "number": 0,
  "sort": {
    "empty": false,
    "sorted": true,
    "unsorted": false
  },
  "numberOfElements": 8,
  "first": true,
  "empty": false
}