{
  "content": [
    {
      "responseUnitCode": "108112",
      "responseUnitName": "สำนักงานธุรกิจรามอินทรา",
      "userId": "00001",
      "name": "ชื่อ",
      "surName": "นามสกุล",
      "teamName": "ทีม กอไก่",
      "ktbBossUserId": "0000",
      "ktbBossName": "ชื่อ นามสกุล",
      "createdDate": "2022-07-31",
      "effectiveDate": "2022-07-31"
    },
    {
      "responseUnitCode": "108113",
      "responseUnitName": "สำนักงานธุรกิจรามอินทรา",
      "userId": "00002",
      "name": "ชื่อ",
      "surName": "นามสกุล",
      "teamName": "ทีม กอไก่",
      "ktbBossUserId": "0000",
      "ktbBossName": "ชื่อ นามสกุล",
      "createdDate": "2022-07-31",
      "effectiveDate": "2022-07-31"
    },
    {
      "responseUnitCode": "108114",
      "responseUnitName": "สำนักงานธุรกิจรามอินทรา",
      "userId": "00003",
      "name": "ชื่อ",
      "surName": "นามสกุล",
      "teamName": "ทีม กอไก่",
      "ktbBossUserId": "0000",
      "ktbBossName": "ชื่อ นามสกุล",
      "createdDate": "2022-07-31",
      "effectiveDate": "2022-07-31"
    },
    {
      "responseUnitCode": "108115",
      "responseUnitName": "สำนักงานธุรกิจรามอินทรา",
      "userId": "00004",
      "name": "ชื่อ",
      "surName": "นามสกุล",
      "teamName": "ทีม กอไก่",
      "ktbBossUserId": "0000",
      "ktbBossName": "ชื่อ นามสกุล",
      "createdDate": "2022-07-31",
      "effectiveDate": "2022-07-31"
    },
    {
      "responseUnitCode": "108115",
      "responseUnitName": "สำนักงานธุรกิจรามอินทรา",
      "userId": "00005",
      "name": "ชื่อ",
      "surName": "นามสกุล",
      "teamName": "ทีม กอไก่",
      "ktbBossUserId": "0000",
      "ktbBossName": "ชื่อ นามสกุล",
      "createdDate": "2022-07-31",
      "effectiveDate": "2022-07-31"
    },
    {
      "responseUnitCode": "108117",
      "responseUnitName": "สำนักงานธุรกิจรามอินทรา",
      "userId": "00006",
      "name": "ชื่อ",
      "surName": "นามสกุล",
      "teamName": "ทีม กอไก่",
      "ktbBossUserId": "0000",
      "ktbBossName": "ชื่อ นามสกุล",
      "createdDate": "2022-07-31",
      "effectiveDate": "2022-07-31"
    },
    {
      "responseUnitCode": "108117",
      "responseUnitName": "สำนักงานธุรกิจรามอินทรา",
      "userId": "00007",
      "name": "ชื่อ",
      "surName": "นามสกุล",
      "teamName": "ทีม กอไก่",
      "ktbBossUserId": "0000",
      "ktbBossName": "ชื่อ นามสกุล",
      "createdDate": "2022-07-31",
      "effectiveDate": "2022-07-31"
    },
    {
      "responseUnitCode": "108119",
      "responseUnitName": "สำนักงานธุรกิจรามอินทรา",
      "userId": "00008",
      "name": "ชื่อ",
      "surName": "นามสกุล",
      "teamName": "ทีม กอไก่",
      "ktbBossUserId": "0000",
      "ktbBossName": "ชื่อ นามสกุล",
      "createdDate": "2022-07-31",
      "effectiveDate": "2022-07-31"
    },
    {
      "responseUnitCode": "108120",
      "responseUnitName": "สำนักงานธุรกิจรามอินทรา",
      "userId": "00009",
      "name": "ชื่อ",
      "surName": "นามสกุล",
      "teamName": "ทีม กอไก่",
      "ktbBossUserId": "0000",
      "ktbBossName": "ชื่อ นามสกุล",
      "createdDate": "2022-07-31",
      "effectiveDate": "2022-07-31"
    },
    {
      "responseUnitCode": "108121",
      "responseUnitName": "สำนักงานธุรกิจรามอินทรา",
      "userId": "00010",
      "name": "ชื่อ",
      "surName": "นามสกุล",
      "teamName": "ทีม กอไก่",
      "ktbBossUserId": "0000",
      "ktbBossName": "ชื่อ นามสกุล",
      "createdDate": "2022-07-31",
      "effectiveDate": "2022-07-31"
    }
  ],
  "pageable": {
    "sort": {
      "empty": false,
      "sorted": true,
      "unsorted": false
    },
    "offset": 0,
    "pageNumber": 0,
    "pageSize": 10,
    "paged": true,
    "unpaged": false
  },
  "totalPages": 13,
  "totalElements": 130,
  "last": false,
  "size": 10,
  "number": 0,
  "sort": {
    "empty": false,
    "sorted": true,
    "unsorted": false
  },
  "numberOfElements": 10,
  "first": true,
  "empty": false
}