[
  {
    "roleCode": "AMD_PREVENTION",
    "levelCode": "FACTION",
    "levelName": "ฝ่ายงาน",
    "dashboardScope": "AMD_PREVENTION",
    "taskUserScope": "SELF",
    "taskTeamScope": "FACTION",
    "taskOrgScope": "KTB",
    "litigationUserScope": "SELF",
    "litigationTeamScope": "FACTION",
    "litigationOrgScope": "KTB",
    "customerUserScope": "SELF",
    "customerTeamScope": "KTB",
    "customerOrgScope": "KTB"
  },
  {
    "roleCode": "AMD_PREVENTION",
    "levelCode": "OFFICER",
    "levelName": "เจ้าหน้าที่",
    "dashboardScope": "AMD_PREVENTION",
    "taskUserScope": "SELF",
    "taskTeamScope": "FACTION",
    "taskOrgScope": "KTB",
    "litigationUserScope": "SELF",
    "litigationTeamScope": "FACTION",
    "litigationOrgScope": "KTB",
    "customerUserScope": "SELF",
    "customerTeamScope": "KTB",
    "customerOrgScope": "KTB"
  },
  {
    "roleCode": "AMD_RESTRUCTURE",
    "levelCode": "FACTION",
    "levelName": "ฝ่ายงาน",
    "dashboardScope": "AMD_RESTRUCTURE",
    "taskUserScope": "SELF",
    "taskTeamScope": "FACTION",
    "taskOrgScope": "KTB",
    "litigationUserScope": "SELF",
    "litigationTeamScope": "FACTION",
    "litigationOrgScope": "KTB",
    "customerUserScope": "SELF",
    "customerTeamScope": "KTB",
    "customerOrgScope": "KTB"
  },
  {
    "roleCode": "AMD_RESTRUCTURE",
    "levelCode": "OFFICER",
    "levelName": "เจ้าหน้าที่",
    "dashboardScope": "AMD_RESTRUCTURE",
    "taskUserScope": "SELF",
    "taskTeamScope": "FACTION",
    "taskOrgScope": "KTB",
    "litigationUserScope": "SELF",
    "litigationTeamScope": "FACTION",
    "litigationOrgScope": "KTB",
    "customerUserScope": "SELF",
    "customerTeamScope": "KTB",
    "customerOrgScope": "KTB"
  },
  {
    "roleCode": "BC",
    "levelCode": "ORGANIZATION",
    "levelName": "สายงาน",
    "dashboardScope": "BC",
    "taskUserScope": "SELF",
    "taskTeamScope": "ORGANIZATION",
    "taskOrgScope": "KTB",
    "litigationUserScope": "SELF",
    "litigationTeamScope": "ORGANIZATION",
    "litigationOrgScope": "KTB",
    "customerUserScope": "SELF",
    "customerTeamScope": "ORGANIZATION",
    "customerOrgScope": "KTB"
  },
  {
    "roleCode": "BC",
    "levelCode": "GROUP",
    "levelName": "กลุ่มงาน",
    "dashboardScope": "BC",
    "taskUserScope": "SELF",
    "taskTeamScope": "GROUP",
    "taskOrgScope": "KTB",
    "litigationUserScope": "SELF",
    "litigationTeamScope": "GROUP",
    "litigationOrgScope": "KTB",
    "customerUserScope": "SELF",
    "customerTeamScope": "GROUP",
    "customerOrgScope": "KTB"
  },
  {
    "roleCode": "BC",
    "levelCode": "OFFICER",
    "levelName": "เจ้าหน้าที่",
    "dashboardScope": "BC",
    "taskUserScope": "SELF",
    "taskTeamScope": "GROUP",
    "taskOrgScope": "KTB",
    "litigationUserScope": "SELF",
    "litigationTeamScope": "GROUP",
    "litigationOrgScope": "KTB",
    "customerUserScope": "SELF",
    "customerTeamScope": "GROUP",
    "customerOrgScope": "KTB"
  },
  {
    "roleCode": "CBC",
    "levelCode": "ORGANIZATION",
    "levelName": "สายงาน",
    "dashboardScope": "CBC",
    "taskUserScope": "SELF",
    "taskTeamScope": "ORGANIZATION",
    "taskOrgScope": "KTB",
    "litigationUserScope": "SELF",
    "litigationTeamScope": "ORGANIZATION",
    "litigationOrgScope": "KTB",
    "customerUserScope": "SELF",
    "customerTeamScope": "ORGANIZATION",
    "customerOrgScope": "KTB"
  },
  {
    "roleCode": "CBC",
    "levelCode": "GROUP",
    "levelName": "กลุ่มงาน",
    "dashboardScope": "CBC",
    "taskUserScope": "SELF",
    "taskTeamScope": "GROUP",
    "taskOrgScope": "KTB",
    "litigationUserScope": "SELF",
    "litigationTeamScope": "GROUP",
    "litigationOrgScope": "KTB",
    "customerUserScope": "SELF",
    "customerTeamScope": "GROUP",
    "customerOrgScope": "KTB"
  },
  {
    "roleCode": "CBC",
    "levelCode": "OFFICER",
    "levelName": "เจ้าหน้าที่",
    "dashboardScope": "CBC",
    "taskUserScope": "SELF",
    "taskTeamScope": "GROUP",
    "taskOrgScope": "KTB",
    "litigationUserScope": "SELF",
    "litigationTeamScope": "GROUP",
    "litigationOrgScope": "KTB",
    "customerUserScope": "SELF",
    "customerTeamScope": "GROUP",
    "customerOrgScope": "KTB"
  },
  {
    "roleCode": "PROSECUTION_DEPARTMENT",
    "levelCode": "ALL",
    "levelName": "ทั้งหมด",
    "dashboardScope": "PROSECUTION_DEPARTMENT",
    "taskUserScope": "SELF",
    "taskTeamScope": "PROSECUTION_DEPARTMENT",
    "taskOrgScope": "KTB",
    "litigationUserScope": "SELF",
    "litigationTeamScope": "PROSECUTION_DEPARTMENT",
    "litigationOrgScope": "KTB",
    "customerUserScope": "SELF",
    "customerTeamScope": "PROSECUTION_DEPARTMENT",
    "customerOrgScope": "KTB"
  },
  {
    "roleCode": "EXECUTION_DEPARTMENT",
    "levelCode": "ALL",
    "levelName": "ทั้งหมด",
    "dashboardScope": "EXECUTION_DEPARTMENT",
    "taskUserScope": "SELF",
    "taskTeamScope": "EXECUTION_DEPARTMENT",
    "taskOrgScope": "KTB",
    "litigationUserScope": "SELF",
    "litigationTeamScope": "EXECUTION_DEPARTMENT",
    "litigationOrgScope": "KTB",
    "customerUserScope": "SELF",
    "customerTeamScope": "EXECUTION_DEPARTMENT",
    "customerOrgScope": "KTB"
  },
  {
    "roleCode": "FINANCIAL1",
    "levelCode": "TEAM",
    "levelName": "ทีม",
    "dashboardScope": "EXECUTION_DEPARTMENT",
    "taskUserScope": "SELF",
    "taskTeamScope": "EXECUTION_DEPARTMENT",
    "taskOrgScope": "KTB",
    "litigationUserScope": "KTB",
    "litigationTeamScope": "KTB",
    "litigationOrgScope": "KTB",
    "customerUserScope": "KTB",
    "customerTeamScope": "KTB",
    "customerOrgScope": "KTB"
  },
  {
    "roleCode": "FINANCIAL1",
    "levelCode": "OFFICER",
    "levelName": "เจ้าหน้าที่",
    "dashboardScope": "EXECUTION_DEPARTMENT",
    "taskUserScope": "SELF",
    "taskTeamScope": "EXECUTION_DEPARTMENT",
    "taskOrgScope": "KTB",
    "litigationUserScope": "SELF",
    "litigationTeamScope": "EXECUTION_DEPARTMENT",
    "litigationOrgScope": "KTB",
    "customerUserScope": "SELF",
    "customerTeamScope": "EXECUTION_DEPARTMENT",
    "customerOrgScope": "KTB"
  },
  {
    "roleCode": "FINANCIAL2",
    "levelCode": "TEAM",
    "levelName": "ทีม",
    "dashboardScope": "EXECUTION_DEPARTMENT",
    "taskUserScope": "SELF",
    "taskTeamScope": "EXECUTION_DEPARTMENT",
    "taskOrgScope": "KTB",
    "litigationUserScope": "KTB",
    "litigationTeamScope": "KTB",
    "litigationOrgScope": "KTB",
    "customerUserScope": "KTB",
    "customerTeamScope": "KTB",
    "customerOrgScope": "KTB"
  },
  {
    "roleCode": "FINANCIAL2",
    "levelCode": "OFFICER",
    "levelName": "เจ้าหน้าที่",
    "dashboardScope": "EXECUTION_DEPARTMENT",
    "taskUserScope": "SELF",
    "taskTeamScope": "EXECUTION_DEPARTMENT",
    "taskOrgScope": "KTB",
    "litigationUserScope": "SELF",
    "litigationTeamScope": "EXECUTION_DEPARTMENT",
    "litigationOrgScope": "KTB",
    "customerUserScope": "SELF",
    "customerTeamScope": "EXECUTION_DEPARTMENT",
    "customerOrgScope": "KTB"
  },
  {
    "roleCode": "FINANCIAL3",
    "levelCode": "ALL",
    "levelName": "ทั้งหมด",
    "dashboardScope": "EXECUTION_DEPARTMENT",
    "taskUserScope": "SELF",
    "taskTeamScope": "EXECUTION_DEPARTMENT",
    "taskOrgScope": "KTB",
    "litigationUserScope": "KTB",
    "litigationTeamScope": "KTB",
    "litigationOrgScope": "KTB",
    "customerUserScope": "KTB",
    "customerTeamScope": "KTB",
    "customerOrgScope": "KTB"
  },
  {
    "roleCode": "ADMIN",
    "levelCode": "ALL",
    "levelName": "ทั้งหมด",
    "dashboardScope": "KTB",
    "taskUserScope": "KTB",
    "taskTeamScope": "KTB",
    "taskOrgScope": "KTB",
    "litigationUserScope": "KTB",
    "litigationTeamScope": "KTB",
    "litigationOrgScope": "KTB",
    "customerUserScope": "KTB",
    "customerTeamScope": "KTB",
    "customerOrgScope": "KTB"
  },
  {
    "roleCode": "INTERNAL_AUDITOR",
    "levelCode": "ALL",
    "levelName": "ทั้งหมด",
    "dashboardScope": "KTB",
    "taskUserScope": "KTB",
    "taskTeamScope": "KTB",
    "taskOrgScope": "KTB",
    "litigationUserScope": "KTB",
    "litigationTeamScope": "KTB",
    "litigationOrgScope": "KTB",
    "customerUserScope": "KTB",
    "customerTeamScope": "KTB",
    "customerOrgScope": "KTB"
  },
  {
    "roleCode": "EXTERNAL_AUDITOR",
    "levelCode": "ALL",
    "levelName": "ทั้งหมด",
    "dashboardScope": "KTB",
    "taskUserScope": "KTB",
    "taskTeamScope": "KTB",
    "taskOrgScope": "KTB",
    "litigationUserScope": "KTB",
    "litigationTeamScope": "KTB",
    "litigationOrgScope": "KTB",
    "customerUserScope": "KTB",
    "customerTeamScope": "KTB",
    "customerOrgScope": "KTB"
  },
  {
    "roleCode": "STRAREGY_AMD",
    "levelCode": "ALL",
    "levelName": "ทั้งหมด",
    "dashboardScope": "AMD_PREVENTION,AMD_RESTRUCTURE",
    "taskUserScope": "SELF",
    "taskTeamScope": "AMD_PREVENTION,AMD_RESTRUCTURE",
    "taskOrgScope": "KTB",
    "litigationUserScope": "SELF",
    "litigationTeamScope": "AMD_PREVENTION,AMD_RESTRUCTURE",
    "litigationOrgScope": "KTB",
    "customerUserScope": "SELF",
    "customerTeamScope": "KTB",
    "customerOrgScope": "KTB"
  },
  {
    "roleCode": "AMD_PREVENTION",
    "levelCode": "ORGANIZATION",
    "levelName": "สายงาน",
    "dashboardScope": "AMD_PREVENTION,AMD_RESTRUCTURE",
    "taskUserScope": "SELF",
    "taskTeamScope": "AMD_PREVENTION,AMD_RESTRUCTURE",
    "taskOrgScope": "KTB",
    "litigationUserScope": "SELF",
    "litigationTeamScope": "AMD_PREVENTION,AMD_RESTRUCTURE",
    "litigationOrgScope": "KTB",
    "customerUserScope": "SELF",
    "customerTeamScope": "KTB",
    "customerOrgScope": "KTB"
  },
  {
    "roleCode": "AMD_PREVENTION",
    "levelCode": "GROUP",
    "levelName": "กลุ่มงาน",
    "dashboardScope": "AMD_PREVENTION,AMD_RESTRUCTURE",
    "taskUserScope": "SELF",
    "taskTeamScope": "GROUP",
    "taskOrgScope": "KTB",
    "litigationUserScope": "SELF",
    "litigationTeamScope": "GROUP",
    "litigationOrgScope": "KTB",
    "customerUserScope": "SELF",
    "customerTeamScope": "KTB",
    "customerOrgScope": "KTB"
  },
  {
    "roleCode": "AMD_RESTRUCTURE",
    "levelCode": "ORGANIZATION",
    "levelName": "สายงาน",
    "dashboardScope": "AMD_PREVENTION,AMD_RESTRUCTURE",
    "taskUserScope": "SELF",
    "taskTeamScope": "AMD_PREVENTION,AMD_RESTRUCTURE",
    "taskOrgScope": "KTB",
    "litigationUserScope": "SELF",
    "litigationTeamScope": "AMD_PREVENTION,AMD_RESTRUCTURE",
    "litigationOrgScope": "KTB",
    "customerUserScope": "SELF",
    "customerTeamScope": "KTB",
    "customerOrgScope": "KTB"
  },
  {
    "roleCode": "AMD_RESTRUCTURE",
    "levelCode": "GROUP",
    "levelName": "กลุ่มงาน",
    "dashboardScope": "AMD_PREVENTION,AMD_RESTRUCTURE",
    "taskUserScope": "SELF",
    "taskTeamScope": "GROUP",
    "taskOrgScope": "KTB",
    "litigationUserScope": "SELF",
    "litigationTeamScope": "GROUP",
    "litigationOrgScope": "KTB",
    "customerUserScope": "SELF",
    "customerTeamScope": "KTB",
    "customerOrgScope": "KTB"
  },
  {
    "roleCode": "KLAW_USER",
    "levelCode": "FACTION",
    "levelName": "ฝ่ายงาน",
    "dashboardScope": "KLAW_USER,KLAW_SECRETARY",
    "taskUserScope": "SELF",
    "taskTeamScope": "KLAW_USER,KLAW_SECRETARY",
    "taskOrgScope": "KTB",
    "litigationUserScope": "SELF",
    "litigationTeamScope": "KLAW_USER,KLAW_SECRETARY",
    "litigationOrgScope": "KTB",
    "customerUserScope": "SELF",
    "customerTeamScope": "KLAW_USER,KLAW_SECRETARY",
    "customerOrgScope": "KTB"
  },
  {
    "roleCode": "KLAW_USER",
    "levelCode": "OFFICER",
    "levelName": "เจ้าหน้าที่",
    "dashboardScope": "KLAW_USER,KLAW_SECRETARY",
    "taskUserScope": "SELF",
    "taskTeamScope": "FACTION",
    "taskOrgScope": "KTB",
    "litigationUserScope": "SELF",
    "litigationTeamScope": "FACTION",
    "litigationOrgScope": "KTB",
    "customerUserScope": "SELF",
    "customerTeamScope": "FACTION",
    "customerOrgScope": "KTB"
  },
  {
    "roleCode": "KLAW_FINANCIAL",
    "levelCode": "FACTION",
    "levelName": "ฝ่ายงาน",
    "dashboardScope": "KLAW_USER,KLAW_SECRETARY",
    "taskUserScope": "SELF",
    "taskTeamScope": "KLAW_USER,KLAW_SECRETARY",
    "taskOrgScope": "KTB",
    "litigationUserScope": "SELF",
    "litigationTeamScope": "KLAW_USER,KLAW_SECRETARY",
    "litigationOrgScope": "KTB",
    "customerUserScope": "SELF",
    "customerTeamScope": "KLAW_USER,KLAW_SECRETARY",
    "customerOrgScope": "KTB"
  },
  {
    "roleCode": "KLAW_FINANCIAL",
    "levelCode": "OFFICER",
    "levelName": "เจ้าหน้าที่",
    "dashboardScope": "KLAW_USER,KLAW_SECRETARY",
    "taskUserScope": "SELF",
    "taskTeamScope": "FACTION",
    "taskOrgScope": "KTB",
    "litigationUserScope": "SELF",
    "litigationTeamScope": "FACTION",
    "litigationOrgScope": "KTB",
    "customerUserScope": "SELF",
    "customerTeamScope": "FACTION",
    "customerOrgScope": "KTB"
  },
  {
    "roleCode": "KLAW_SECRETARY",
    "levelCode": "ALL",
    "levelName": "ทั้งหมด",
    "dashboardScope": "KLAW_USER,KLAW_SECRETARY",
    "taskUserScope": "FACTION",
    "taskTeamScope": "FACTION",
    "taskOrgScope": "KTB",
    "litigationUserScope": "FACTION",
    "litigationTeamScope": "FACTION",
    "litigationOrgScope": "KTB",
    "customerUserScope": "FACTION",
    "customerTeamScope": "FACTION",
    "customerOrgScope": "KTB"
  },
  {
    "roleCode": "ALLOTMENT",
    "levelCode": "ALL",
    "levelName": "ทั้งหมด",
    "dashboardScope": "AMD_PREVENTION,AMD_RESTRUCTURE,BC,CBC",
    "taskUserScope": "SELF",
    "taskTeamScope": "AMD_PREVENTION,AMD_RESTRUCTURE,BC,CBC",
    "taskOrgScope": "KTB",
    "litigationUserScope": "SELF",
    "litigationTeamScope": "AMD_PREVENTION,AMD_RESTRUCTURE,BC,CBC",
    "litigationOrgScope": "KTB",
    "customerUserScope": "SELF",
    "customerTeamScope": "AMD_PREVENTION,AMD_RESTRUCTURE,BC,CBC",
    "customerOrgScope": "KTB"
  }
]
