{
    "data": {
    "content": [
        {
            "createdBy": "ระบบ LEXS",
            "createdDate": "2022-12-31T12:12:12",
            "identificationNo": "0000000012345",
            "name": "นาย A AAA",
            "responseCode": "000001",
            "responseDesc": "response description"
        },
        {
            "createdBy": "ระบบ LEXS",
            "createdDate": "2022-12-31T12:12:12",
            "identificationNo": "0000000012345",
            "name": "นาย B BBB",
            "responseCode": "000001",
            "responseDesc": "response description"
        },
        {
            "createdBy": "ระบบ LEXS",
            "createdDate": "2022-12-31T12:12:12",
            "identificationNo": "0000000012345",
            "name": "นาย C CCC",
            "responseCode": "000001",
            "responseDesc":  null
        },
        {
            "createdBy": "ระบบ LEXS",
            "createdDate": "2022-12-31T12:12:12",
            "identificationNo": "0000000012345",
            "name": "นาย D DDD",
            "responseCode": "000001",
            "responseDesc": null
        },
        {
            "createdBy": "ระบบ LEXS",
            "createdDate": "2022-12-31T12:12:12",
            "identificationNo": "0000000012345",
            "name": "นาย E EEE",
            "responseCode": "000001",
            "responseDesc": null
        },
        {
            "createdBy": "ระบบ LEXS",
            "createdDate": "2022-12-31T12:12:12",
            "identificationNo": "0000000012345",
            "name": "นาย F FFF",
            "responseCode": "000001",
            "responseDesc": null
        },
        {
            "createdBy": "ระบบ LEXS",
            "createdDate": "2022-12-31T12:12:12",
            "identificationNo": "0000000012345",
            "name": "นาย G GGG",
            "responseCode": "000001",
            "responseDesc": null
        },
        {
            "createdBy": "ระบบ LEXS",
            "createdDate": "2022-12-31T12:12:12",
            "identificationNo": "0000000012345",
            "name": "นาย H HHH",
            "responseCode": "000001",
            "responseDesc": null
        },
        {
            "createdBy": "ระบบ LEXS",
            "createdDate": "2022-12-31T12:12:12",
            "identificationNo": "0000000012345",
            "name": "นาย I III",
            "responseCode": "000001",
            "responseDesc": "response description"
        },
        {
            "createdBy": "ระบบ LEXS",
            "createdDate": "2022-12-31T12:12:12",
            "identificationNo": "0000000012345",
            "name": "นาย J JJJ",
            "responseCode": "000001",
            "responseDesc": "response description"
        }
    ],
    "empty": false,
    "first": true,
    "last": false,
    "number": 1,
    "numberOfElements": 1,
    "pageable": {
        "offset": 0,
        "pageNumber": 1,
        "pageSize": 10,
        "paged": true,
        "sort": {
            "empty": false,
            "sorted": true,
            "unsorted": false
        },
        "unpaged": false
    },
    "size": 10,
    "sort": {
        "empty": false,
        "sorted": true,
        "unsorted": false
    },
    "totalElements": 10,
    "totalPages": 1
}
}