{
  "litigationId": "MOCKD0001",
  "customerId": "000004479122",
  "responseUnitCode": "108423",
  "responseUnitName": "สำนักงานธุรกิจนครราชสีมา",
  "branchCode": "000303",
  "branchName": "สาขาปากช่อง",
  "customerName": "NAME_000004479122",
  "litigationStatus": "สถานะอนุมัติให้ดำเนินคดี/รับเรื่อง",
  "defermentStatus": "NORMAL",
  "editStatus": "NONE",
  "mainBorrowerLitigationStatus": "สถานะอนุมัติให้ดำเนินคดี/รับเรื่อง",
  "coBorrowerLitigationStatus": "สถานะอนุมัติให้ดำเนินคดี/รับเรื่อง",
  "lawyerOfficeCode": "1000",
  "lawyerOfficeName": "บจ.กรุงไทยกฎหมาย (สำนักงานใหญ่)",
  "lawyerId": "k7723T",
  "lawyerName": "นาย บุญประกอบ จองจิตบริสุทธิ์",
  "firstLawyerOfficeCode": "1000",
  "firstLawyerOfficeName": "บจ.กรุงไทยกฎหมาย (สำนักงานใหญ่)",
  "firstLawyerId": "k7723T",
  "firstLawyerName": "นาย บุญประกอบ จองจิตบริสุทธิ์",
  "litigationDate": "2022-07-12",
  "lawyerUser": {
    "userId": "k7723T",
    "category": "KLAW",
    "title": "นาย",
    "titleEng": "MR",
    "name": "บุญประกอบ",
    "surname": "จองจิตบริสุทธิ์",
    "nameEng": "Boonprakob",
    "surnameEng": "Jongjitborisut",
    "email": "boonprakob.jongjitborisut@ktblaw.co.th",
    "originalOrganizationCode": "1000",
    "originalOrganizationName": "บจ.กรุงไทยกฎหมาย (สำนักงานใหญ่)",
    "mobileNumber": "0923133423",
    "roleCode": "FINANCIAL1",
    "subRoleCode": "APPROVER",
    "dataScopeCode": "ORGANIZATION",
    "levelCode": "OFFICER",
    "factionCode": "LAW001",
    "authorityCode": "LAW001",
    "lastLogin": "2022-07-11T18:55:25+07:00"
  },
  "cases": [
    {
      "caseGroupNo": "1",
      "appealDate": "2013-03-31",
      "appealDueDate": "2013-03-31",
      "appealSide": "BANK",
      "blackCaseNo": "000000",
      "capitalAmount": 111,
      "caseDate": "2013-03-31",
      "civilCourtBlackCaseNo": "000000",
      "courtCode": "000000",
      "courtDecreeDate": "2013-03-31",
      "courtDecreeResult": "000000",
      "courtDecreeStatus": "รอจัดส่ง",
      "courtFee": 500,
      "courtFeeStatus": "A",
      "courtLevel": "APPEAL",
      "courtName": "000000",
      "courtVerdictDate": "2013-03-31",
      "courtVerdictType": "YYYYYYYYY",
      "filingFee": 600,
      "id": 1,
      "lawyerId": "1",
      "lawyerName": "uvuvuvuv",
      "lawyerOfficeCode": "123czx",
      "lawyerOfficeName": "123czx",
      "litigationCost": 800,
      "paymentAuditingStatus": "รอชำระเงิน",
      "persons": [
        {
          "personId": "1",
          "relation": "CO_BORROWER"
        },
        {
          "personId": "2",
          "relation": "CO_BORROWER_HEIR"
        },
        {
          "personId": "3",
          "relation": "CO_DEFENDANT"
        },
        {
          "personId": "4",
          "relation": "GUARANTOR"
        }
      ],
      "pleadingFee": 8000,
      "redCaseNo": "123czx",
      "sla": "123czx"
    },
    {
      "caseGroupNo": "1",
      "appealDate": "2013-03-31",
      "appealDueDate": "2013-03-31",
      "appealSide": "BANK",
      "blackCaseNo": "000000",
      "capitalAmount": 111,
      "caseDate": "2013-03-31",
      "civilCourtBlackCaseNo": "000000",
      "courtCode": "000000",
      "courtDecreeDate": "2013-03-31",
      "courtDecreeResult": "000000",
      "courtDecreeStatus": "รอจัดส่ง",
      "courtFee": 500,
      "courtFeeStatus": "A",
      "courtLevel": "APPEAL",
      "courtName": "000000",
      "courtVerdictDate": "2013-03-31",
      "courtVerdictType": "YYYYYYYYY",
      "filingFee": 600,
      "id": 2,
      "lawyerId": "1",
      "lawyerName": "uvuvuvuv",
      "lawyerOfficeCode": "123czx",
      "lawyerOfficeName": "123czx",
      "litigationCost": 800,
      "paymentAuditingStatus": "รอชำระเงิน",
      "persons": [
        {
          "personId": "1",
          "relation": "CO_BORROWER"
        },
        {
          "personId": "2",
          "relation": "CO_BORROWER_HEIR"
        },
        {
          "personId": "3",
          "relation": "CO_DEFENDANT"
        },
        {
          "personId": "4",
          "relation": "GUARANTOR"
        }
      ],
      "pleadingFee": 8000,
      "redCaseNo": "123czx",
      "sla": "123czx"
    },
    {
      "caseGroupNo": "1",
      "appealDate": "2013-03-31",
      "appealDueDate": "2013-03-31",
      "appealSide": "BANK",
      "blackCaseNo": "000000",
      "capitalAmount": 111,
      "caseDate": "2013-03-31",
      "civilCourtBlackCaseNo": "000000",
      "courtCode": "000000",
      "courtDecreeDate": "2013-03-31",
      "courtDecreeResult": "000000",
      "courtDecreeStatus": "รอจัดส่ง",
      "courtFee": 500,
      "courtFeeStatus": "A",
      "courtLevel": "APPEAL",
      "courtName": "000000",
      "courtVerdictDate": "2013-03-31",
      "courtVerdictType": "YYYYYYYYY",
      "filingFee": 600,
      "id": 3,
      "lawyerId": "1",
      "lawyerName": "uvuvuvuv",
      "lawyerOfficeCode": "123czx",
      "lawyerOfficeName": "123czx",
      "litigationCost": 800,
      "paymentAuditingStatus": "รอชำระเงิน",
      "persons": [
        {
          "personId": "1",
          "relation": "CO_BORROWER"
        },
        {
          "personId": "2",
          "relation": "CO_BORROWER_HEIR"
        },
        {
          "personId": "3",
          "relation": "CO_DEFENDANT"
        },
        {
          "personId": "4",
          "relation": "GUARANTOR"
        }
      ],
      "pleadingFee": 8000,
      "redCaseNo": "123czx",
      "sla": "123czx"
    }
  ],
  "followups": [],
  "personInfo": {
    "persons": [
      {
        "personId": "000000081383",
        "personType": "JURISTIC",
        "relation": "CO_BORROWER",
        "identificationNo": "3105525025824",
        "name": "NAME_000000081383",
        "birthDate": "1982-07-21",
        "address": [],
        "bankruptcy": [
          {}
        ],
        "sourceSystem": "CBS"
      },
      {
        "personId": "000000082769",
        "personType": "JURISTIC",
        "relation": "CO_BORROWER",
        "identificationNo": "3105537141534",
        "name": "NAME_000000082769",
        "birthDate": "1994-11-29",
        "address": [],
        "bankruptcy": [
          {}
        ],
        "sourceSystem": "CBS"
      },
      {
        "personId": "000000082919",
        "personType": "JURISTIC",
        "relation": "GUARANTOR",
        "identificationNo": "3107537002152",
        "name": "NAME_000000082919",
        "birthDate": "1994-06-13",
        "address": [],
        "bankruptcy": [
          {}
        ],
        "sourceSystem": "CBS"
      },
      {
        "personId": "000004479122",
        "personType": "JURISTIC",
        "relation": "MAIN_BORROWER",
        "identificationNo": "3303525000343",
        "name": "NAME_000004479122",
        "birthDate": "1982-05-26",
        "address": [],
        "bankruptcy": [
          {}
        ],
        "sourceSystem": "CBS"
      }
    ],
    "additionalPersons": [],
    "casePerson": {
      "casePerson": {
        "33": [
          "000000081383",
          "000004479122"
        ],
        "34": [
          "000000082769",
          "000004479122"
        ]
      }
    }
  },
  "accountInfo": {
    "accounts": [
      {
        "accountId": "003036032398",
        "customerId": "000004479122",
        "accountNo": "003036032398",
        "billNo": "003036032398",
        "dpd": 0,
        "stageFinal": "N/A",
        "outstandingBalance": "0.00",
        "outstandingAccruedInterest": "0.00",
        "interestNonBook": "0.00",
        "lateChargeAmount": "0",
        "expiryDate": "2023-06-30",
        "lastPaidDate": "2022-03-30",
        "contractDate": "2012-10-31",
        "bookingCode": "200303",
        "bookingName": "สาขาปากช่อง",
        "responseBranchCode": "108423",
        "responseBranchName": "สำนักงานธุรกิจนครราชสีมา",
        "lastUpdate": "2022-06-21T00:00:00+07:00",
        "litigationId": "MOCKD0001",
        "litigationStatus": "สถานะอนุมัติให้ดำเนินคดี/รับเรื่อง",
        "marketCode": "0010",
        "marketDescription": "เงินกู้เบิกเกินบัญชี",
        "estimatePrescriptionFlag": false,
        "limitAmount": "30000000.00",
        "accountStatus": "00",
        "cfinal": "C1"
      },
      {
        "accountId": "100006352065",
        "customerId": "000004479122",
        "accountNo": "100004474892",
        "billNo": "100006352065",
        "dpd": 7205,
        "stageFinal": "N/A",
        "outstandingBalance": "40000.00",
        "outstandingAccruedInterest": "0.00",
        "interestNonBook": "0.00",
        "lateChargeAmount": "0.00",
        "prescriptionDate": "2004-09-30",
        "expiryDate": "2023-06-30",
        "lastPaidDate": "2021-08-31",
        "contractDate": "1994-09-30",
        "bookingCode": "200303",
        "bookingName": "สาขาปากช่อง",
        "responseBranchCode": "108423",
        "responseBranchName": "สำนักงานธุรกิจนครราชสีมา",
        "lastUpdate": "2022-06-21T00:00:00+07:00",
        "litigationId": "MOCKD0001",
        "litigationStatus": "สถานะอนุมัติให้ดำเนินคดี/รับเรื่อง",
        "marketCode": "4157",
        "marketDescription": "หนังสือค้ำประกันการใช้กระแสไฟฟ้า",
        "estimatePrescriptionFlag": false,
        "limitAmount": "40000.00",
        "accountStatus": "00",
        "cfinal": "N/A"
      },
      {
        "accountId": "100029670199",
        "customerId": "000004479122",
        "accountNo": "100029669928",
        "billNo": "100029670199",
        "dpd": 265,
        "stageFinal": "N/A",
        "outstandingBalance": "64000.00",
        "outstandingAccruedInterest": "0.00",
        "interestNonBook": "0.00",
        "lateChargeAmount": "0.00",
        "prescriptionDate": "2019-07-20",
        "expiryDate": "2023-06-30",
        "lastPaidDate": "2021-08-31",
        "contractDate": "2009-07-20",
        "bookingCode": "200303",
        "bookingName": "สาขาปากช่อง",
        "responseBranchCode": "108423",
        "responseBranchName": "สำนักงานธุรกิจนครราชสีมา",
        "lastUpdate": "2022-06-21T00:00:00+07:00",
        "litigationId": "MOCKD0001",
        "litigationStatus": "สถานะอนุมัติให้ดำเนินคดี/รับเรื่อง",
        "marketCode": "4157",
        "marketDescription": "หนังสือค้ำประกันการใช้กระแสไฟฟ้า",
        "estimatePrescriptionFlag": false,
        "limitAmount": "64000.00",
        "accountStatus": "00",
        "cfinal": "N/A"
      },
      {
        "accountId": "100052612895",
        "customerId": "000004479122",
        "accountNo": "100052612895",
        "billNo": "100052612895",
        "dpd": 0,
        "stageFinal": "N/A",
        "outstandingBalance": "0.00",
        "outstandingAccruedInterest": "0",
        "interestNonBook": "0",
        "lateChargeAmount": "0",
        "prescriptionDate": "2026-06-30",
        "expiryDate": "2023-06-30",
        "contractDate": "2012-10-31",
        "bookingCode": "200303",
        "bookingName": "สาขาปากช่อง",
        "responseBranchCode": "108423",
        "responseBranchName": "สำนักงานธุรกิจนครราชสีมา",
        "lastUpdate": "2022-06-21T00:00:00+07:00",
        "litigationId": "MOCKD0001",
        "litigationStatus": "สถานะอนุมัติให้ดำเนินคดี/รับเรื่อง",
        "marketCode": "4002",
        "marketDescription": "รับซื้อตั๋วเงิน(ในท้องถิ่น)",
        "estimatePrescriptionFlag": false,
        "limitAmount": "20000000.00",
        "accountStatus": "00",
        "cfinal": "N/A"
      },
      {
        "accountId": "100058834820",
        "customerId": "000004479122",
        "accountNo": "100058834208",
        "billNo": "100058834820",
        "dpd": 2407,
        "stageFinal": "N/A",
        "outstandingBalance": "200000.00",
        "outstandingAccruedInterest": "0.00",
        "interestNonBook": "0.00",
        "lateChargeAmount": "0.00",
        "prescriptionDate": "2023-11-19",
        "expiryDate": "2023-06-30",
        "lastPaidDate": "2022-03-25",
        "contractDate": "2013-11-19",
        "bookingCode": "200303",
        "bookingName": "สาขาปากช่อง",
        "responseBranchCode": "108423",
        "responseBranchName": "สำนักงานธุรกิจนครราชสีมา",
        "lastUpdate": "2022-06-21T00:00:00+07:00",
        "litigationId": "MOCKD0001",
        "litigationStatus": "สถานะอนุมัติให้ดำเนินคดี/รับเรื่อง",
        "marketCode": "4113",
        "marketDescription": "หนังสือค้ำประกันการปฏิบัติตามสัญญา",
        "estimatePrescriptionFlag": false,
        "limitAmount": "200000.00",
        "accountStatus": "00",
        "cfinal": "N/A"
      },
      {
        "accountId": "100066939675",
        "customerId": "000004479122",
        "accountNo": "100066930953",
        "billNo": "100066939675",
        "dpd": 2372,
        "stageFinal": "N/A",
        "outstandingBalance": "200000.00",
        "outstandingAccruedInterest": "0.00",
        "interestNonBook": "0.00",
        "lateChargeAmount": "0.00",
        "prescriptionDate": "2024-12-24",
        "expiryDate": "2023-06-30",
        "lastPaidDate": "2021-12-14",
        "contractDate": "2014-12-24",
        "bookingCode": "200303",
        "bookingName": "สาขาปากช่อง",
        "responseBranchCode": "108423",
        "responseBranchName": "สำนักงานธุรกิจนครราชสีมา",
        "lastUpdate": "2022-06-21T00:00:00+07:00",
        "litigationId": "MOCKD0001",
        "litigationStatus": "สถานะอนุมัติให้ดำเนินคดี/รับเรื่อง",
        "marketCode": "4113",
        "marketDescription": "หนังสือค้ำประกันการปฏิบัติตามสัญญา",
        "estimatePrescriptionFlag": false,
        "limitAmount": "200000.00",
        "accountStatus": "00",
        "cfinal": "N/A"
      },
      {
        "outstandingBalance": "0",
        "outstandingAccruedInterest": "0",
        "interestNonBook": "0",
        "lateChargeAmount": "0",
        "litigationId": "MOCKD0001",
        "litigationStatus": "สถานะอนุมัติให้ดำเนินคดี/รับเรื่อง",
        "limitAmount": "0"
      },
      {
        "outstandingBalance": "0",
        "outstandingAccruedInterest": "0",
        "interestNonBook": "0",
        "lateChargeAmount": "0",
        "litigationId": "MOCKD0001",
        "litigationStatus": "สถานะอนุมัติให้ดำเนินคดี/รับเรื่อง",
        "limitAmount": "0"
      },
      {
        "outstandingBalance": "0",
        "outstandingAccruedInterest": "0",
        "interestNonBook": "0",
        "lateChargeAmount": "0",
        "litigationId": "MOCKD0001",
        "litigationStatus": "สถานะอนุมัติให้ดำเนินคดี/รับเรื่อง",
        "limitAmount": "0"
      }
    ],
    "summaryAll": "504000.00",
    "totalOutstandingPrincipal": "504000.00",
    "totalOutstandingAccruedInterest": "0.00",
    "totalInterestNonBook": "0.00",
    "totalLateChargeAmount": "0.00",
    "summaryDebt": "504000.00",
    "totalBadOutstandingPrincipal": "0",
    "totalBadOutstandingAccruedInterest": "0",
    "totalBadInterestNonBook": "0",
    "totalBadLateChargeAmount": "0",
    "summaryBadDebt": "0"
  },
  "collateralInfo": {
    "collaterals": [
      {
        "collateralId": "1699",
        "personId": "000004479122",
        "litigationId": "MOCKD0001",
        "blackCaseNo": "BC011",
        "redCaseNo": "R011",
        "collateralTypeCode": "4",
        "collateralTypeDesc": "คอนโดมิเนียม/อาคารชุด/ห้องชุด",
        "collateralSubTypeCode": "1",
        "collateralSubTypeDesc": "คอนโดมิเนียม/อาคารชุด/ห้องชุด",
        "description": "ชื่ออาคาร..test residence..ห้อง..1701..ชั้น..1..สถานที่ตั้ง..1699  ..ตำบล..เสาชิงช้า..อำเภอ..สัมพันธวงษ์(สามเพ็ง)..จังหวัด..กรุงเทพมหานคร",
        "collateralStatusCode": "1",
        "totalAppraisalValue": "1000000.00",
        "appraisalDate": "2022-07-15",
        "appraisalPrice": "900000.00",
        "subdistrictCode": "006",
        "subDistrict": "เสาชิงช้า",
        "districtCode": "001",
        "district": "สัมพันธวงษ์(สามเพ็ง)",
        "provinceCode": "010",
        "province": "กรุงเทพมหานคร",
        "buildingNo": "001",
        "buildingName": "test residence",
        "address1": "1699",
        "address2": "",
        "address3": "",
        "projectName": "L&H",
        "roomNo": "1701",
        "floor": "1",
        "registrationNo": "-",
        "areaSqm": "500.00",
        "tcg": false,
        "sourceSystem": "CMS",
        "calculatedCollateralStatus": "Released",
        "ownerName": "NAME_000004479122"
      },
      {
        "collateralId": "1699",
        "personId": "000004479122",
        "litigationId": "MOCKD0001",
        "blackCaseNo": "BC012",
        "collateralTypeCode": "4",
        "collateralTypeDesc": "คอนโดมิเนียม/อาคารชุด/ห้องชุด",
        "collateralSubTypeCode": "1",
        "collateralSubTypeDesc": "คอนโดมิเนียม/อาคารชุด/ห้องชุด",
        "description": "ชื่ออาคาร..test residence..ห้อง..1701..ชั้น..1..สถานที่ตั้ง..1699  ..ตำบล..เสาชิงช้า..อำเภอ..สัมพันธวงษ์(สามเพ็ง)..จังหวัด..กรุงเทพมหานคร",
        "collateralStatusCode": "1",
        "totalAppraisalValue": "1000000.00",
        "appraisalDate": "2022-07-15",
        "appraisalPrice": "900000.00",
        "subdistrictCode": "006",
        "subDistrict": "เสาชิงช้า",
        "districtCode": "001",
        "district": "สัมพันธวงษ์(สามเพ็ง)",
        "provinceCode": "010",
        "province": "กรุงเทพมหานคร",
        "buildingNo": "001",
        "buildingName": "test residence",
        "address1": "1699",
        "address2": "",
        "address3": "",
        "projectName": "L&H",
        "roomNo": "1701",
        "floor": "1",
        "registrationNo": "-",
        "areaSqm": "500.00",
        "tcg": false,
        "sourceSystem": "CMS",
        "calculatedCollateralStatus": "Released",
        "ownerName": "NAME_000004479122"
      }
    ],
    "assets": [
      {
        "collateralId": "1698",
        "personId": "000004479122",
        "litigationId": "MOCKD0001",
        "blackCaseNo": "BC011",
        "redCaseNo": "R011",
        "collateralTypeCode": "4",
        "collateralTypeDesc": "คอนโดมิเนียม/อาคารชุด/ห้องชุด",
        "collateralSubTypeCode": "1",
        "collateralSubTypeDesc": "คอนโดมิเนียม/อาคารชุด/ห้องชุด",
        "description": "ชื่ออาคาร..test residence..ห้อง..1701..ชั้น..1..สถานที่ตั้ง..1698  ..ตำบล..เสาชิงช้า..อำเภอ..สัมพันธวงษ์(สามเพ็ง)..จังหวัด..กรุงเทพมหานคร",
        "collateralStatusCode": "2",
        "totalAppraisalValue": "1000000.00",
        "appraisalDate": "2022-07-15",
        "appraisalPrice": "900000.00",
        "subdistrictCode": "006",
        "subDistrict": "เสาชิงช้า",
        "districtCode": "001",
        "district": "สัมพันธวงษ์(สามเพ็ง)",
        "provinceCode": "010",
        "province": "กรุงเทพมหานคร",
        "buildingNo": "002",
        "buildingName": "test residence",
        "address1": "1698",
        "address2": "",
        "address3": "",
        "projectName": "L&H",
        "roomNo": "1701",
        "floor": "1",
        "registrationNo": "-",
        "areaSqm": "500.00",
        "tcg": false,
        "sourceSystem": "KEY",
        "calculatedCollateralStatus": "Released",
        "ownerName": "NAME_000004479122"
      },
      {
        "collateralId": "1698",
        "personId": "000004479122",
        "litigationId": "MOCKD0001",
        "blackCaseNo": "BC012",
        "collateralTypeCode": "4",
        "collateralTypeDesc": "คอนโดมิเนียม/อาคารชุด/ห้องชุด",
        "collateralSubTypeCode": "1",
        "collateralSubTypeDesc": "คอนโดมิเนียม/อาคารชุด/ห้องชุด",
        "description": "ชื่ออาคาร..test residence..ห้อง..1701..ชั้น..1..สถานที่ตั้ง..1698  ..ตำบล..เสาชิงช้า..อำเภอ..สัมพันธวงษ์(สามเพ็ง)..จังหวัด..กรุงเทพมหานคร",
        "collateralStatusCode": "2",
        "totalAppraisalValue": "1000000.00",
        "appraisalDate": "2022-07-15",
        "appraisalPrice": "900000.00",
        "subdistrictCode": "006",
        "subDistrict": "เสาชิงช้า",
        "districtCode": "001",
        "district": "สัมพันธวงษ์(สามเพ็ง)",
        "provinceCode": "010",
        "province": "กรุงเทพมหานคร",
        "buildingNo": "002",
        "buildingName": "test residence",
        "address1": "1698",
        "address2": "",
        "address3": "",
        "projectName": "L&H",
        "roomNo": "1701",
        "floor": "1",
        "registrationNo": "-",
        "areaSqm": "500.00",
        "tcg": false,
        "sourceSystem": "KEY",
        "calculatedCollateralStatus": "Released",
        "ownerName": "NAME_000004479122"
      }
    ]
  },
  "noticeInfo": {
    "noticeLetters": []
  }
}