{
  "accounts": [
    {
      "accountId": "string",
      "lateCharge": 0,
      "lateChargeAmount": 0,
      "litigationCaseId": 0,
      "marketCode": "string",
      "marketDescription": "string",
      "outstandingBalance": 0,
      "tdrStatus": "string",
      "tdrTrackingResult": "string",
      "totalAmount": 0,
      "verdictInterestStartDate": "string",
      "verdictLateCharge": 0,
      "verdictLateChargeAmount": 0,
      "verdictOutstandingBalance": 0,
      "verdictTotalAmount": 0
    }
  ],
  "appealCourtBlackCaseNo": "string",
  "blackCaseNo": "string",
  "caseEnd": true,
  "ciosRedCaseNo": true,
  "ciosVerdictDate": true,
  "courtFee": [
    {
      "accountNo": "string",
      "courtLevel": "string",
      "courtRefundAmount": 0,
      "initialAmount": 0,
      "netAmount": 0,
      "status": "string",
      "transactionDate": "string",
      "transactionName": "string"
    }
  ],
  "courtLevel": "CIVIL",
  "courtName": "string",
  "courtType": "CIVIL",
  "courtVerdict": "string",
  "courtVerdictCode": "string",
  "courtVerdictDate": "string",
  "courtVerdictDocuments": [
    {
      "active": true,
      "documentDate": "2023-01-09T06:52:07.353Z",
      "documentId": 0,
      "documentTemplate": {
        "autoMatchType": "string",
        "contentType": "string",
        "documentGroup": "LITIGATION",
        "documentName": "string",
        "documentTemplateId": "string",
        "forLitigation": true,
        "forNoticeLetter": true,
        "needHardCopy": true,
        "optional": true,
        "requiredDocumentDate": true,
        "searchType": "LEXS"
      },
      "documentTemplateId": "string",
      "imageId": "string",
      "imageName": "string"
    }
  ],
  "courtVerdictType": "string",
  "courtVerdictTypeCode": "string",
  "debtorLawyerFee": [
    {
      "courtName": "string",
      "initialAmount": 0,
      "paidAmount": 0,
      "remainingAmount": 0
    }
  ],
  "defendants": [
    {
      "firstName": "string",
      "identificationNo": "string",
      "lastName": "string",
      "relation": "MAIN_BORROWER"
    }
  ],
  "extendAppeals": [
    {
      "attachment": {
        "active": true,
        "documentDate": "2023-01-09T06:52:07.353Z",
        "documentId": 0,
        "documentTemplate": {
          "autoMatchType": "string",
          "contentType": "string",
          "documentGroup": "LITIGATION",
          "documentName": "string",
          "documentTemplateId": "string",
          "forLitigation": true,
          "forNoticeLetter": true,
          "needHardCopy": true,
          "optional": true,
          "requiredDocumentDate": true,
          "searchType": "LEXS"
        },
        "documentTemplateId": "string",
        "imageId": "string",
        "imageName": "string"
      },
      "extendAppealId": 0,
      "extendDate": "string",
      "litigationCaseId": 0
    }
  ],
  "firstEnforcementDate": "string",
  "firstVerdictDate": "string",
  "firstVerdictUserFirstName": "string",
  "firstVerdictUserId": "string",
  "firstVerdictUserLastName": "string",
  "headerFlag": "DRAFT",
  "lastVerdictDate": "string",
  "lastVerdictUserFirstName": "string",
  "lastVerdictUserId": "string",
  "lastVerdictUserLastName": "string",
  "litigationCaseId": 0,
  "litigationId": "string",
  "litigationStatus": "string",
  "otherCourtFeeType": "string",
  "otherCourtFeeTypeCode": "string",
  "redCaseNo": "string",
  "remark": "string",
  "saveStatus": true,
  "seizedPropertyType": "string",
  "supremeCourtBlackCaseNo": "string",
  "taskId": 0,
  "testimonyStatus": "string",
  "totalCourtRefundAmount": 0,
  "totalInitialAmount": 0,
  "totalNetAmount": 0
}
