{
  "organizationCode": "KSPE01",
  "organizationName": "สายงานการบังคับคดีและคดีพิเศษ",
  "groupCode": "",
  "groupName": "",
  "factionCode": "LAW006",
  "factionName": "ฝ่ายขายทอดตลาดทรัพย์",
  "teamCode": "",
  "teamName": "",
  "userId": "00001",
  "category": "KLAW",
  "title": "นาย",
  "titleEng": "Mr.",
  "name": "พันธวัสส์",
  "surname": "ขำสัจจา",
  "nameEng": "Panthawat",
  "surnameEng": "Kumsajja",
  "supervisorId": "",
  "mobileNumber": "777777777",
  "roleCode": "KLAW_USER",
  "roleName": "KLAW user",
  "subRoleCode": "MAKER",
  "subRoleName": "Maker",
  "dataScopeCode": "SELF",
  "levelCode": "FACTION",
  "levelName": "ฝ่ายงาน",
  "lastLogin": "2023-06-22T18:14:17+07:00",
  "lawyerCode": "11496",
  "permissions": [
    "VIEW_LITIGATION_CUSTOMER",
    "VIEW_NOTICE_RECEIVER",
    "VIEW_LITIGATION_CASE",
    "VIEW_HOLDING_LITIGATION_CASE",
    "VIEW_KLAW_FINANCIAL",
    "VIEW_COURT_FEE",
    "ALL_DASHBOARD",
    "TRANSFER_TASK",
    "ALL_TASK_ACTION",
    "CREATE_LITIGATION_CUSTOMER",
    "ALL_CUSTOMER_ACTION",
    "CREATE_LEGAL_ASSIGNMENT",
    "CREATE_LITIGATION_CASE",
    "CREATE_NOTICE_EVENT",
    "ADD_LEGAL_RELATED_PERSON",
    "VERIFY_LEGAL_DOCUMENT",
    "UPLOAD_LEGAL_DOCUMENT",
    "CREATE_INDICTMENT_RECORD",
    "CREATE_LEGAL_COMMENT",
    "CREATE_DECREE",
    "ADD_COURT_PROCESSDINGS_APPOINTMENT",
    "UPLOAD_DOCUMENT_NOTICE_CLOSED_JURISTIC",
    "VIEW_DOCUMENT_FROM_PROFILE_DIRECT_AND_STATEMENT",
    "ALL_LEGAL_ACTION",
    "UPLOAD_FINANCIAL_DOCUMENT",
    "VERIFY_FINANCIAL_DOCUMENT",
    "FINANCIAL_TRANSFER",
    "ALL_EXPENSE",
    "VIEW_SLA_REPORT",
    "ALL_REPORT",
    "ALL_CALENDAR_ACTIVITIES",
    "ADD_RELATED_PERSON_AFTER_UNDICIDED_CASE",
    "ASSIGN_TASK_BUTTON_PRESS",
    "ALL_PENDING_TASK_ASSIGNMENT",
    "SUBMIT_DEBT_LEGAL_ENFORCEMENT",
    "SUBMIT_ENFORCEMENT_RESULT",
    "ALL_WARRANT",
    "DOCUMENT_INSPECTION_ASSET_SEIZURE",
    "RECORD_SEIZURE_RESULT",
    "ALL_ASSET_SEIZURE",
    "CONFIRM_CANCEL_ASSET_SEIZURE",
    "RETURN_ORIGINAL_DOCUMENTS",
    "ALL_CANCEL_ASSET_SEIZURE",
    "SAVE_RESULT_WITHDRAW_SEIZURE",
    "ALL_WITHDRAW_ASSET_SEIZURE",
    "SAVE_WITHDRAW_EXECUTION",
    "ALL_WITHDRAW_EXECUTION",
    "ALL_DELAY_EXECUTION",
    "ASSIGN_TASK_POOL",
    "ALL_TASK_POOL_ASSIGNMENT",
    "SUBMIT_AUCTION_EXPENSE",
    "SUBMIT_AUCTION_CHECK_INFO",
    "SUBMIT_AUCTION_DAY_RESULT",
    "SUBMIT_AUCTION_CHECK_STAMP_DUTY",
    "TRACK_PAYMENT_RECORD",
    "ALL_AUCTION_EXCEPT_MATCH",
    "SUBMIT_ADDITION_DEPOSIT_CHECK",
    "ACQUIRED_ASSET_DOCUMENT_UPLOAD",
    "SUBMIT_ACCOUNT_AUDIT_CERTIFICATION",
    "ALL_TRANSFER_ASSSET",
    "MATCH_ASSET_AUCTION",
    "AUCTION_ANNOUNCE_INACTIVE",
    "ALL_AUCTION_ONLY_MATCH"
  ],
  "attributes": [
    {
      "name": "taskSupportRole",
      "value": "true"
    }
  ],
  "disable": false
}
