{
    "ligitimateAccInfoList": [
        {
            "accountNo": "1000000001",
            "billNo": "9900000001",
            "dayPastDue": 9,
            "cFlag": "-",
            "loanType": "4001 - ประเภทหนี้",
            "loanSummaryAmount": 100000,
            "legalDueDate": "12/31/2022",
            "branchName": "000001 - สาขาลำปาง",
            "responseUnitName": "000002 - สาขาเชียงใหม่",
            "tdrTrackingResult": "00000000000000",
            "tdrDate": "31/12/2565",
            "legalId": "LG0000000001",
            "caseStatusCode": "001",
            "caseStatusDesc": "เตรียมข้อมูล"
        },
        {
            "accountNo": "1000000002",
            "billNo": "9900000002",
            "dayPastDue": 15,
            "cFlag": "-",
            "loanType": "4001 - ประเภทหนี้",
            "loanSummaryAmount": 200000,
            "legalDueDate": "12/31/2022",
            "branchName": "000003 - สาขาตรัง",
            "responseUnitName": "000004 - สาขาพัทลุง",
            "tdrTrackingResult": "00000000000001",
            "tdrDate": "22/12/2565",
            "legalId": "LG0000000002",
            "caseStatusCode": "002",
            "caseStatusDesc": "เตรียมการบอกกล่าว"
        },
        {
            "accountNo": "1000000003",
            "billNo": "9900000003",
            "dayPastDue": 30,
            "cFlag": "-",
            "loanType": "4001 - ประเภทหนี้",
            "loanSummaryAmount": 300000,
            "legalDueDate": "12/31/2022",
            "branchName": "000005 - สาขาตรัง",
            "responseUnitName": "000006 - สาขาพัทลุง",
            "tdrTrackingResult": "00000000000002",
            "tdrDate": "29/12/2565",
            "legalId": "LG0000000003",
            "caseStatusCode": "003",
            "caseStatusDesc": "บอกกล่าว"
        },
        {
            "accountNo": "1000000004",
            "billNo": "9900000004",
            "dayPastDue": 2,
            "cFlag": "-",
            "loanType": "-",
            "loanSummaryAmount": 400000,
            "legalDueDate": "21/31/2022",
            "branchName": "000007 - สาขาลพบุรี",
            "responseUnitName": "000008 - สาขาชัยภูมิ",
            "tdrTrackingResult": "",
            "tdrDate": "",
            "legalId": "-",
            "caseStatusCode": "",
            "caseStatusDesc": ""
        }
    ],
    "liaibilitySummaryAmount": 1000000,
    "outstandingPrincipleAccount": 100000,
    "outstandingPrincipleUncollectable":  10000,
    "accruedInterestAccount": 200000,
    "accruedInterestUncollectable": 20000,
    "deferredInterestAccount": 300000,
    "deferredInterestUncollectable": 30000,
    "defaultInterestAccount": 400000,
    "defaultInterestUncollectable": 40000,
    "totalLiabilityAccount": 500000,
    "totalLiabilityUncollectable": 50000    
}