[
    {
        "amdResponseUnitCode": "0011",
        "amdResponseUnitName": "หน่วยงานกรุงเทพ",
        "amdUserId": "009001",
        "amdUserName": "Mr A",
        "blackCaseNo": "B001/2565",
        "customerId": "0000000012340",
        "customerName": "นายสมชาย ใจดี",
        "defermentStatus": "สถานะชะลอ",
        "dpd": 15,
        "expireDate": "31/12/2565",
        "flag": "TAMC",
        "kbdUserId": "000001",
        "kbdUserName": "Mar B",
        "lawyerId": "9901",
        "lawyerName": "Tony Iron",
        "lawyerOfficeCode": "0001",
        "lawyerOfficeName": "A institute",
        "litigationId": "0000000000001",
        "litigationStatus": "สถานะปัจจุบัน",
        "ownerBranchCode": "0001",
        "ownerBranchName": "ห้วยขวาง",
        "redCaseNo": "R001/2565"
    },
    {
        "amdResponseUnitCode": "0012",
        "amdResponseUnitName": "หน่วยงานกรุงเทพ",
        "amdUserId": "009002",
        "amdUserName": "Mr C",
        "blackCaseNo": "B002/2565",
        "customerId": "0000000012341",
        "customerName": "นายกิตติ ใจดี",
        "defermentStatus": "สถานะชะลอ",
        "dpd": 18,
        "expireDate": "15/12/2565",
        "flag": "TAMC",
        "kbdUserId": "000002",
        "kbdUserName": "0002",
        "lawyerId": "009902",
        "lawyerName": "Mr D",
        "lawyerOfficeCode": "0002",
        "lawyerOfficeName": "B institute",
        "litigationId": "0000000000002",
        "litigationStatus": "สถานะปัจจุบัน",
        "ownerBranchCode": "0002",
        "ownerBranchName": "ราชเทวี",
        "redCaseNo": "R002/2565"
    },
    {
        "amdResponseUnitCode": "0013",
        "amdResponseUnitName": "หน่วยงานกรุงเทพ",
        "amdUserId": "009003",
        "amdUserName": "Mr E",
        "blackCaseNo": "B003/2565",
        "customerId": "0000000012342",
        "customerName": "นายนิธิ ใจดี",
        "defermentStatus": "สถานะชะลอ",
        "dpd": 10,
        "expireDate": "12/12/2565",
        "flag": "TAMC",
        "kbdUserId": "000003",
        "kbdUserName": "Mr F",
        "lawyerId": "9903",
        "lawyerName": "โสพิน ดีใจ",
        "lawyerOfficeCode": "0003",
        "lawyerOfficeName": "C institute",
        "litigationId": "0000000000003",
        "litigationStatus": "สถานะปัจจุบัน",
        "ownerBranchCode": "0003",
        "ownerBranchName": "จตุจัตร",
        "redCaseNo": "R003/2565"
    }
]