{
  "customerId": "000000189814",
  "name": "NAME_000000189814",
  "responseUnitCode": "108212",
  "responseUnitName": "ทีมเกษตรอุตสาหกรรม 1",
  "branchCode": "000153",
  "branchName": "",
  "customerStatus": "DEFAULT_PAYMENT",
  "rmUserId": "500461",
  "personInfo": {
    "persons": [],
    "additionalPersons": []
  },
  "accountInfo": {
    "accounts": [
      {
        "accountId": "100115220118",
        "customerId": "000000189814",
        "accountNo": "100075931166",
        "billNo": "100115220118",
        "dpd": 0,
        "outstandingBalance": "33750.00",
        "outstandingAccruedInterest": "0.00",
        "interestNonBook": "0.00",
        "lateChargeAmount": "0.00",
        "prescriptionDate": "2023-07-31",
        "expiryDate": "2022-07-31",
        "contractDate": "2016-03-15",
        "bookingCode": "200451",
        "responseBranchCode": "108212",
        "tdrDate": "2022-08-03T00:00:00+07:00",
        "lastUpdate": "2022-08-03T00:00:00+07:00",
        "litigationId": "MOCKCOL034",
        "litigationStatus": "สถานะอนุมัติให้ดำเนินคดี/รับเรื่อง",
        "marketCode": "4001",
        "marketDescription": "ซื้อลดตั๋วเงิน(ในท้องถิ่น)",
        "blackCaseNo": "BC342",
        "cfinal": "C1"
      },
      {
        "accountId": "100115220118",
        "customerId": "000000189814",
        "accountNo": "100075931166",
        "billNo": "100115220118",
        "dpd": 0,
        "outstandingBalance": "33750.00",
        "outstandingAccruedInterest": "0.00",
        "interestNonBook": "0.00",
        "lateChargeAmount": "0.00",
        "prescriptionDate": "2023-07-31",
        "expiryDate": "2022-07-31",
        "contractDate": "2016-03-15",
        "bookingCode": "200451",
        "responseBranchCode": "108212",
        "tdrDate": "2022-08-03T00:00:00+07:00",
        "lastUpdate": "2022-08-03T00:00:00+07:00",
        "litigationId": "MOCKCOL034",
        "litigationStatus": "สถานะอนุมัติให้ดำเนินคดี/รับเรื่อง",
        "marketCode": "4001",
        "marketDescription": "ซื้อลดตั๋วเงิน(ในท้องถิ่น)",
        "blackCaseNo": "BC341",
        "redCaseNo": "RC341",
        "cfinal": "C1"
      },
      {
        "accountId": "100115220302",
        "customerId": "000000189814",
        "accountNo": "100075931166",
        "billNo": "100115220302",
        "dpd": 0,
        "outstandingBalance": "9000.00",
        "outstandingAccruedInterest": "0.00",
        "interestNonBook": "0.00",
        "lateChargeAmount": "0.00",
        "prescriptionDate": "2023-07-31",
        "expiryDate": "2022-07-31",
        "contractDate": "2016-03-15",
        "bookingCode": "200451",
        "responseBranchCode": "108212",
        "tdrDate": "2022-08-03T00:00:00+07:00",
        "lastUpdate": "2022-08-03T00:00:00+07:00",
        "litigationId": "MOCKCOL034",
        "litigationStatus": "สถานะอนุมัติให้ดำเนินคดี/รับเรื่อง",
        "marketCode": "4001",
        "marketDescription": "ซื้อลดตั๋วเงิน(ในท้องถิ่น)",
        "blackCaseNo": "BC342",
        "cfinal": "C1"
      },
      {
        "accountId": "100115220302",
        "customerId": "000000189814",
        "accountNo": "100075931166",
        "billNo": "100115220302",
        "dpd": 0,
        "outstandingBalance": "9000.00",
        "outstandingAccruedInterest": "0.00",
        "interestNonBook": "0.00",
        "lateChargeAmount": "0.00",
        "prescriptionDate": "2023-07-31",
        "expiryDate": "2022-07-31",
        "contractDate": "2016-03-15",
        "bookingCode": "200451",
        "responseBranchCode": "108212",
        "tdrDate": "2022-08-03T00:00:00+07:00",
        "lastUpdate": "2022-08-03T00:00:00+07:00",
        "litigationId": "MOCKCOL034",
        "litigationStatus": "สถานะอนุมัติให้ดำเนินคดี/รับเรื่อง",
        "marketCode": "4001",
        "marketDescription": "ซื้อลดตั๋วเงิน(ในท้องถิ่น)",
        "blackCaseNo": "BC341",
        "redCaseNo": "RC341",
        "cfinal": "C1"
      },
      {
        "accountId": "100115220351",
        "customerId": "000000189814",
        "accountNo": "100075931166",
        "billNo": "100115220351",
        "dpd": 0,
        "outstandingBalance": "6750.00",
        "outstandingAccruedInterest": "0.00",
        "interestNonBook": "0.00",
        "lateChargeAmount": "0.00",
        "prescriptionDate": "2023-07-31",
        "expiryDate": "2022-07-31",
        "contractDate": "2016-03-15",
        "bookingCode": "200451",
        "responseBranchCode": "108212",
        "tdrDate": "2022-08-03T00:00:00+07:00",
        "lastUpdate": "2022-08-03T00:00:00+07:00",
        "litigationId": "MOCKCOL034",
        "litigationStatus": "สถานะอนุมัติให้ดำเนินคดี/รับเรื่อง",
        "marketCode": "4001",
        "marketDescription": "ซื้อลดตั๋วเงิน(ในท้องถิ่น)",
        "blackCaseNo": "BC341",
        "redCaseNo": "RC341",
        "cfinal": "C1"
      },
      {
        "accountId": "100115220351",
        "customerId": "000000189814",
        "accountNo": "100075931166",
        "billNo": "100115220351",
        "dpd": 0,
        "outstandingBalance": "6750.00",
        "outstandingAccruedInterest": "0.00",
        "interestNonBook": "0.00",
        "lateChargeAmount": "0.00",
        "prescriptionDate": "2023-07-31",
        "expiryDate": "2022-07-31",
        "contractDate": "2016-03-15",
        "bookingCode": "200451",
        "responseBranchCode": "108212",
        "tdrDate": "2022-08-03T00:00:00+07:00",
        "lastUpdate": "2022-08-03T00:00:00+07:00",
        "litigationId": "MOCKCOL034",
        "litigationStatus": "สถานะอนุมัติให้ดำเนินคดี/รับเรื่อง",
        "marketCode": "4001",
        "marketDescription": "ซื้อลดตั๋วเงิน(ในท้องถิ่น)",
        "blackCaseNo": "BC342",
        "cfinal": "C1"
      },
      {
        "accountId": "100115220387",
        "customerId": "000000189814",
        "accountNo": "100075931166",
        "billNo": "100115220387",
        "dpd": 0,
        "outstandingBalance": "18000.00",
        "outstandingAccruedInterest": "0.00",
        "interestNonBook": "0.00",
        "lateChargeAmount": "0.00",
        "prescriptionDate": "2023-07-31",
        "expiryDate": "2022-07-31",
        "contractDate": "2016-03-15",
        "bookingCode": "200451",
        "responseBranchCode": "108212",
        "tdrDate": "2022-08-03T00:00:00+07:00",
        "lastUpdate": "2022-08-03T00:00:00+07:00",
        "litigationId": "MOCKCOL034",
        "litigationStatus": "สถานะอนุมัติให้ดำเนินคดี/รับเรื่อง",
        "marketCode": "4001",
        "marketDescription": "ซื้อลดตั๋วเงิน(ในท้องถิ่น)",
        "blackCaseNo": "BC342",
        "cfinal": "C1"
      },
      {
        "accountId": "100115220387",
        "customerId": "000000189814",
        "accountNo": "100075931166",
        "billNo": "100115220387",
        "dpd": 0,
        "outstandingBalance": "18000.00",
        "outstandingAccruedInterest": "0.00",
        "interestNonBook": "0.00",
        "lateChargeAmount": "0.00",
        "prescriptionDate": "2023-07-31",
        "expiryDate": "2022-07-31",
        "contractDate": "2016-03-15",
        "bookingCode": "200451",
        "responseBranchCode": "108212",
        "tdrDate": "2022-08-03T00:00:00+07:00",
        "lastUpdate": "2022-08-03T00:00:00+07:00",
        "litigationId": "MOCKCOL034",
        "litigationStatus": "สถานะอนุมัติให้ดำเนินคดี/รับเรื่อง",
        "marketCode": "4001",
        "marketDescription": "ซื้อลดตั๋วเงิน(ในท้องถิ่น)",
        "blackCaseNo": "BC341",
        "redCaseNo": "RC341",
        "cfinal": "C1"
      },
      {
        "accountId": "100115220400",
        "customerId": "000000189814",
        "accountNo": "100075931166",
        "billNo": "100115220400",
        "dpd": 0,
        "outstandingBalance": "11250.00",
        "outstandingAccruedInterest": "0.00",
        "interestNonBook": "0.00",
        "lateChargeAmount": "0.00",
        "prescriptionDate": "2023-07-31",
        "expiryDate": "2022-07-31",
        "contractDate": "2016-03-15",
        "bookingCode": "200451",
        "responseBranchCode": "108212",
        "tdrDate": "2022-08-03T00:00:00+07:00",
        "lastUpdate": "2022-08-03T00:00:00+07:00",
        "litigationId": "MOCKCOL034",
        "litigationStatus": "สถานะอนุมัติให้ดำเนินคดี/รับเรื่อง",
        "marketCode": "4001",
        "marketDescription": "ซื้อลดตั๋วเงิน(ในท้องถิ่น)",
        "blackCaseNo": "BC341",
        "redCaseNo": "RC341",
        "cfinal": "C1"
      },
      {
        "accountId": "100115220400",
        "customerId": "000000189814",
        "accountNo": "100075931166",
        "billNo": "100115220400",
        "dpd": 0,
        "outstandingBalance": "11250.00",
        "outstandingAccruedInterest": "0.00",
        "interestNonBook": "0.00",
        "lateChargeAmount": "0.00",
        "prescriptionDate": "2023-07-31",
        "expiryDate": "2022-07-31",
        "contractDate": "2016-03-15",
        "bookingCode": "200451",
        "responseBranchCode": "108212",
        "tdrDate": "2022-08-03T00:00:00+07:00",
        "lastUpdate": "2022-08-03T00:00:00+07:00",
        "litigationId": "MOCKCOL034",
        "litigationStatus": "สถานะอนุมัติให้ดำเนินคดี/รับเรื่อง",
        "marketCode": "4001",
        "marketDescription": "ซื้อลดตั๋วเงิน(ในท้องถิ่น)",
        "blackCaseNo": "BC342",
        "cfinal": "C1"
      },
      {
        "accountId": "100115221049",
        "customerId": "000000189814",
        "accountNo": "200075931166",
        "billNo": "200115221049",
        "dpd": 0,
        "outstandingBalance": "16000.00",
        "outstandingAccruedInterest": "0.00",
        "interestNonBook": "0.00",
        "lateChargeAmount": "0.00",
        "prescriptionDate": "2023-07-31",
        "expiryDate": "2022-07-31",
        "contractDate": "2016-03-15",
        "bookingCode": "200451",
        "responseBranchCode": "108212",
        "tdrDate": "2022-08-03T00:00:00+07:00",
        "lastUpdate": "2022-08-03T00:00:00+07:00",
        "litigationId": "MOCKCOL034",
        "litigationStatus": "สถานะอนุมัติให้ดำเนินคดี/รับเรื่อง",
        "marketCode": "4001",
        "marketDescription": "ซื้อลดตั๋วเงิน(ในท้องถิ่น)",
        "blackCaseNo": "BC342",
        "cfinal": "C1"
      },
      {
        "accountId": "100115221049",
        "customerId": "000000189814",
        "accountNo": "200075931166",
        "billNo": "200115221049",
        "dpd": 0,
        "outstandingBalance": "16000.00",
        "outstandingAccruedInterest": "0.00",
        "interestNonBook": "0.00",
        "lateChargeAmount": "0.00",
        "prescriptionDate": "2023-07-31",
        "expiryDate": "2022-07-31",
        "contractDate": "2016-03-15",
        "bookingCode": "200451",
        "responseBranchCode": "108212",
        "tdrDate": "2022-08-03T00:00:00+07:00",
        "lastUpdate": "2022-08-03T00:00:00+07:00",
        "litigationId": "MOCKCOL034",
        "litigationStatus": "สถานะอนุมัติให้ดำเนินคดี/รับเรื่อง",
        "marketCode": "4001",
        "marketDescription": "ซื้อลดตั๋วเงิน(ในท้องถิ่น)",
        "blackCaseNo": "BC341",
        "redCaseNo": "RC341",
        "cfinal": "C1"
      },
      {
        "accountId": "100115221086",
        "customerId": "000000189814",
        "accountNo": "200075931166",
        "billNo": "200115221086",
        "dpd": 0,
        "outstandingBalance": "32000.00",
        "outstandingAccruedInterest": "0.00",
        "interestNonBook": "0.00",
        "lateChargeAmount": "0.00",
        "prescriptionDate": "2023-07-31",
        "expiryDate": "2022-07-31",
        "contractDate": "2016-03-15",
        "bookingCode": "200451",
        "responseBranchCode": "108212",
        "tdrDate": "2022-08-03T00:00:00+07:00",
        "lastUpdate": "2022-08-03T00:00:00+07:00",
        "litigationId": "MOCKCOL034",
        "litigationStatus": "สถานะอนุมัติให้ดำเนินคดี/รับเรื่อง",
        "marketCode": "4001",
        "marketDescription": "ซื้อลดตั๋วเงิน(ในท้องถิ่น)",
        "blackCaseNo": "BC341",
        "redCaseNo": "RC341",
        "cfinal": "C1"
      },
      {
        "accountId": "100115221086",
        "customerId": "000000189814",
        "accountNo": "300075931166",
        "billNo": "200115221086",
        "dpd": 0,
        "outstandingBalance": "32000.00",
        "outstandingAccruedInterest": "0.00",
        "interestNonBook": "0.00",
        "lateChargeAmount": "0.00",
        "prescriptionDate": "2023-07-31",
        "expiryDate": "2022-07-31",
        "contractDate": "2016-03-15",
        "bookingCode": "200451",
        "responseBranchCode": "108212",
        "tdrDate": "2022-08-03T00:00:00+07:00",
        "lastUpdate": "2022-08-03T00:00:00+07:00",
        "litigationId": "MOCKCOL034",
        "litigationStatus": "สถานะอนุมัติให้ดำเนินคดี/รับเรื่อง",
        "marketCode": "4001",
        "marketDescription": "ซื้อลดตั๋วเงิน(ในท้องถิ่น)",
        "blackCaseNo": "BC342",
        "cfinal": "C1"
      }
    ],
    "commitmentAccounts": [
      {
        "accountNumber": "100075931166",
        "accountName": "NAME_200075931166",
        "accountType": "FCS",
        "totalDebt": "23324350.00",
        "accountLinkages": [
          "200115221086"
        ]
      },
      {
        "accountNumber": "200075931166",
        "accountName": "NAME_200075931166",
        "accountType": "PN",
        "totalDebt": "23324350.00",
        "accountLinkages": []
      },
      {
        "accountNumber": "300075931166",
        "accountName": "NAME_200075931166",
        "accountType": "SUNDRY_AVAL",
        "totalDebt": "23324350.00",
        "accountLinkages": []
      }
    ],
    "summaryAll": "23483100.00",
    "totalOutstandingPrincipal": "23483100.00",
    "totalOutstandingAccruedInterest": "0.00",
    "totalInterestNonBook": "0.00",
    "totalLateChargeAmount": "0.00",
    "summaryDebt": "23483100.00",
    "totalBadOutstandingPrincipal": "0",
    "totalBadOutstandingAccruedInterest": "0",
    "totalBadInterestNonBook": "0",
    "totalBadLateChargeAmount": "0",
    "summaryBadDebt": "0"
  },
  "collateralInfo": {},
  "cases": [
    {
      "amdResponseUnitCode": "string",
      "amdResponseUnitName": "string",
      "amdUserId": "string",
      "amdUserName": "string",
      "aoUserId": "string",
      "aoUserName": "string",
      "blackCaseNo": "string",
      "customerId": "string",
      "customerName": "string",
      "defermentStatus": "NORMAL",
      "dpd": 10,
      "expireDate": "",
      "flag": "string",
      "kbdUserId": "string",
      "kbdUserName": "string",
      "lawyerId": "string",
      "lawyerName": "string",
      "lawyerOfficeCode": "string",
      "lawyerOfficeName": "string",
      "litigationId": "string",
      "litigationStatus": "string",
      "ownerBranchCode": "string",
      "ownerBranchName": "string",
      "redCaseNo": "string",
      "responseUnitCode": "string",
      "responseUnitName": "string"
    }
  ],
  "documentInfo": {
    "customerDocuments": [
      {
        "documentId": 138242,
        "objectType": "ACCOUNT_NO",
        "objectId": "100075931166",
        "documentTemplate": {
          "documentTemplateId": "LEXSD018",
          "documentName": "Statement บัญชี (ตั้งแต่เปิดบัญชี  – ปัจจุบัน)",
          "searchType": "LEXS",
          "documentGroup": "ACCOUNT_COMMITMENT",
          "needHardCopy": true,
          "optional": false,
          "forNoticeLetter": false,
          "forLitigation": true,
          "requiredDocumentDate": false,
          "contentType": "application/pdf"
        },
        "imageId": "123",
        "imageName": "document.pdf",
        "active": true,
        "documentTemplateId": "LEXSD018",
        "commitmentAccounts": []
      },
      {
        "documentId": 138243,
        "objectType": "ACCOUNT_NO",
        "objectId": "100075931166",
        "documentTemplate": {
          "documentTemplateId": "LEXSD019",
          "documentName": "ระบบ Profile Direct - หน้า Account Overview",
          "searchType": "LEXS",
          "documentGroup": "ACCOUNT_COMMITMENT",
          "needHardCopy": true,
          "optional": false,
          "forNoticeLetter": true,
          "forLitigation": true,
          "requiredDocumentDate": false,
          "contentType": "application/pdf"
        },
        "active": true,
        "documentTemplateId": "LEXSD019",
        "commitmentAccounts": []
      },
      {
        "documentId": 138244,
        "objectType": "ACCOUNT_NO",
        "objectId": "100075931166",
        "documentTemplate": {
          "documentTemplateId": "LEXSD020",
          "documentName": "ระบบ Profile Direct - หน้า Pay Off",
          "searchType": "LEXS",
          "documentGroup": "ACCOUNT_COMMITMENT",
          "needHardCopy": true,
          "optional": false,
          "forNoticeLetter": true,
          "forLitigation": true,
          "requiredDocumentDate": false,
          "contentType": "application/pdf"
        },
        "active": true,
        "documentTemplateId": "LEXSD020",
        "commitmentAccounts": []
      },
      {
        "documentId": 138245,
        "objectType": "ACCOUNT_NO",
        "objectId": "100075931166",
        "documentTemplate": {
          "documentTemplateId": "LEXSD021",
          "documentName": "ระบบ Profile Direct - หน้า Account History",
          "searchType": "LEXS",
          "documentGroup": "ACCOUNT_COMMITMENT",
          "needHardCopy": true,
          "optional": false,
          "forNoticeLetter": true,
          "forLitigation": true,
          "requiredDocumentDate": false,
          "contentType": "application/pdf"
        },
        "active": true,
        "documentTemplateId": "LEXSD021",
        "commitmentAccounts": []
      },
      {
        "documentId": 138246,
        "objectType": "ACCOUNT_NO",
        "objectId": "100075931166",
        "documentTemplate": {
          "documentTemplateId": "LEXSD031",
          "documentName": "หนังสือบอกกล่าวการโอนสิทธิเรียกร้องการรับเงินทางการค้าและใบตอบรับไปรษณีย์",
          "searchType": "LEXS",
          "documentGroup": "ACCOUNT_COMMITMENT",
          "needHardCopy": true,
          "optional": false,
          "forNoticeLetter": false,
          "forLitigation": true,
          "requiredDocumentDate": false,
          "contentType": "application/pdf"
        },
        "active": true,
        "documentTemplateId": "LEXSD031",
        "commitmentAccounts": []
      },
      {
        "documentId": 138248,
        "objectType": "BILL_NO",
        "objectId": "200115221086",
        "documentTemplate": {
          "documentTemplateId": "LEXSD032",
          "documentName": "ใบคำขอเบิกเงินและเอกสารประกอบการเบิก",
          "searchType": "FCS",
          "documentGroup": "ACCOUNT_BILL",
          "needHardCopy": true,
          "optional": false,
          "forNoticeLetter": false,
          "forLitigation": true,
          "requiredDocumentDate": false,
          "contentType": "application/pdf"
        },
        "imageId": "123",
        "imageName": "document.pdf",
        "active": true,
        "documentTemplateId": "LEXSD032",
        "commitmentAccounts": []
      },
      {
        "documentId": 138249,
        "documentTemplate": {
          "documentTemplateId": "LEXSD014",
          "documentName": "ระบบ Profile Direct - หน้า Account List",
          "searchType": "LEXS",
          "documentGroup": "ACCOUNT_OTHER",
          "needHardCopy": true,
          "optional": false,
          "forNoticeLetter": true,
          "forLitigation": true,
          "requiredDocumentDate": false,
          "contentType": "application/pdf"
        },
        "active": true,
        "documentTemplateId": "LEXSD014",
        "commitmentAccounts": []
      },
      {
        "documentId": 138250,
        "documentTemplate": {
          "documentTemplateId": "LEXSD013",
          "documentName": "Document Name",
          "searchType": "LEXS",
          "documentGroup": "ACCOUNT_COMMITMENT",
          "needHardCopy": true,
          "optional": false,
          "forNoticeLetter": true,
          "forLitigation": true,
          "requiredDocumentDate": false,
          "contentType": "application/pdf"
        },
        "active": true,
        "documentTemplateId": "LEXSD013",
        "commitmentAccounts": []
      },
      {
        "documentId": 138251,
        "documentTemplate": {
          "documentTemplateId": "LEXSD014",
          "documentName": "ระบบ Profile Direct - หน้า Account List",
          "searchType": "LEXS",
          "documentGroup": "ACCOUNT_COMMITMENT",
          "needHardCopy": true,
          "optional": false,
          "forNoticeLetter": true,
          "forLitigation": true,
          "requiredDocumentDate": false,
          "contentType": "application/pdf"
        },
        "imageId": "123",
        "imageName": "document.pdf",
        "active": true,
        "documentTemplateId": "LEXSD014",
        "commitmentAccounts": []
      }
    ],
    "litigationDocuments": [],
    "preparationCompleted": false
  }
}
